<measure>
  <schema_version>3.0</schema_version>
  <name>Set Lighting Loads by LPD</name>
  <uid>901c076e-02af-4bf4-a780-57391e7b1e2a</uid>
  <version_id>f32b9637-9a36-4810-8072-180187208cd9</version_id>
  <xml_checksum>293730A7</xml_checksum>
  <class_name></class_name>
  <display_name>Set Lighting Loads by LPD</display_name>
  <description>Set the lighting power density (W/ft^2) in the to a specified value for all spaces that have lights. This can be applied to the entire building or a specific space type. Cost can be added per floor area.</description>
  <modeler_description>Delete all of the existing lighting in the model. Add lights with the user defined lighting power density to all spaces that initially had lights, using the schedule from the original lights. If multiple lights existed the schedule will be pulled from the one with the highest lighting power density value. Demolition costs from lights and luminaires removed by this measure can be included in the analysis.</modeler_description>
  <arguments/>
  <provenances/>
  <tags>
    <tag>Electric Lighting.Lighting Equipment</tag>
  </tags>
  <attributes>
    <attribute>
      <name>Measure Type</name>
      <value>ModelMeasure</value>
      <datatype>string</datatype>
    </attribute>
    <attribute>
      <name>Measure Function</name>
      <value>Measure</value>
      <datatype>string</datatype>
    </attribute>
    <attribute>
      <name>Requires EnergyPlus Results</name>
      <value>false</value>
      <datatype>boolean</datatype>
    </attribute>
    <attribute>
      <name>Uses SketchUp API</name>
      <value>false</value>
      <datatype>boolean</datatype>
    </attribute>
  </attributes>
  <files>
    <file>
      <filename>EnvelopeAndLoadTestModel_01.osm</filename>
      <filetype>osm</filetype>
      <usage_type>test</usage_type>
      <checksum>10AA8866</checksum>
    </file>
    <file>
      <version>
        <software_program>OpenStudio</software_program>
        <identifier>0.11.3</identifier>
        <min_compatible>0.11.3</min_compatible>
      </version>
      <filename>measure.rb</filename>
      <filetype>rb</filetype>
      <usage_type>script</usage_type>
      <checksum>410960DB</checksum>
    </file>
    <file>
      <filename>EnvelopeAndLoadTestModel_01_Costed.osm</filename>
      <filetype>osm</filetype>
      <usage_type>test</usage_type>
      <checksum>E025B7B3</checksum>
    </file>
    <file>
      <filename>ReplaceLightsWithLPD_01_Test.rb</filename>
      <filetype>rb</filetype>
      <usage_type>test</usage_type>
      <checksum>34DFC232</checksum>
    </file>
  </files>
</measure>
