<measure>
  <schema_version>3.0</schema_version>
  <name>set_window_to_wall_ratio</name>
  <uid>c567a0bf-a7d9-4a06-afe9-bf7df79e6bf8</uid>
  <version_id>03454724-8f48-4354-857a-e5f60f5bdd10</version_id>
  <xml_checksum>6DE831F7</xml_checksum>
  <class_name>SetWindowToWallRatio</class_name>
  <display_name>Set Window to Wall Ratio</display_name>
  <description>This measure will set the window to wall ratio for exterior surfaces with a specified orientation. If one or more windows exist on an affected wall, they will be removed and replaced with a single ribbon window. Doors will not be removed. If the requested ratio can?t be achieved then the wall will remain un-touched.</description>
  <modeler_description>This measure identifies exterior surfaces of the proper orientation. Then it runs a method that removes existing windows and applies a new window with a specified window to wall ratio and sill height. The construction chosen for the new window is defaulted to what is assigned to the space, or inherited from a higher level object, such as the building. If the baseline model uses hard assigned constructions you may not get the expected results.&#xd;&#xd;&#xd;&#xd;&#xd;&#xd;
&#xd;&#xd;&#xd;&#xd;&#xd;&#xd;
The measure doesn?t have any cost or lifecycle arguments, however If lifecycle objects exist for exterior wall and window constructions, then this measure will be able to calculate the economic impact of change in window to wall ratio.&#xd;&#xd;&#xd;&#xd;&#xd;&#xd;
  </modeler_description>
  <arguments>
    <argument>
      <name>wwr</name>
      <display_name>Window to Wall Ratio (fraction).</display_name>
      <type>Double</type>
      <required>true</required>
      <model_dependent>false</model_dependent>
      <default_value>0.4</default_value>
    </argument>
    <argument>
      <name>sillHeight</name>
      <display_name>Sill Height (in).</display_name>
      <type>Double</type>
      <required>true</required>
      <model_dependent>false</model_dependent>
      <default_value>30</default_value>
    </argument>
  </arguments>
  <provenances/>
  <tags>
    <tag>Envelope.Fenestration</tag>
  </tags>
  <attributes>
    <attribute>
      <name>Measure Type</name>
      <value>ModelMeasure</value>
      <datatype>string</datatype>
    </attribute>
    <attribute>
      <name>Measure Function</name>
      <value>Measure</value>
      <datatype>string</datatype>
    </attribute>
    <attribute>
      <name>Requires EnergyPlus Results</name>
      <value>false</value>
      <datatype>boolean</datatype>
    </attribute>
    <attribute>
      <name>Uses SketchUp API</name>
      <value>false</value>
      <datatype>boolean</datatype>
    </attribute>
  </attributes>
  <files>
    <file>
      <filename>EnvelopeAndLoadTestModel_01.osm</filename>
      <filetype>osm</filetype>
      <usage_type>test</usage_type>
      <checksum>8F651078</checksum>
    </file>
    <file>
      <filename>EnvelopeAndLoadTestModel_02_RotatedSpaceAndBuilding.osm</filename>
      <filetype>osm</filetype>
      <usage_type>test</usage_type>
      <checksum>74A6EE8C</checksum>
    </file>
    <file>
      <filename>ReverseTranslatedModel.osm</filename>
      <filetype>osm</filetype>
      <usage_type>test</usage_type>
      <checksum>0B94403D</checksum>
    </file>
    <file>
      <filename>SetWindowToWallRatioByFacade_Test.rb</filename>
      <filetype>rb</filetype>
      <usage_type>test</usage_type>
      <checksum>6CD8A3A8</checksum>
    </file>
    <file>
      <version>
        <software_program>OpenStudio</software_program>
        <identifier>0.10.2</identifier>
        <min_compatible>0.10.2</min_compatible>
      </version>
      <filename>measure.rb</filename>
      <filetype>rb</filetype>
      <usage_type>script</usage_type>
      <checksum>FDE58AB4</checksum>
    </file>
  </files>
</measure>
