name,_id,run_start_time,run_end_time,status,status_message,reduceelectricequipmentloadsbypercentage.elecequip_power_reduction_percent,reducelightingloadsbypercentage.lighting_power_reduction_percent,CompareBaseline.total_electric,CompareBaseline.total_electric_savings,CompareBaseline.total_gas,CompareBaseline.total_gas_savings,OpenStudioResults.electricity_ip,OpenStudioResults.natural_gas_ip,OpenStudioResults.time_setpoint_not_met_during_occupied_cooling,OpenStudioResults.time_setpoint_not_met_during_occupied_heating,OpenStudioResults.time_setpoint_not_met_during_occupied_hours,OpenStudioResults.total_building_area
LHS Autogenerated 8,068f2793-d220-48ab-a29e-383e1b0d483b,2017-05-24T20:07:53.375Z,2017-05-24T20:10:47.808Z,completed,completed normal,-12.163183013049926,0.0,453000.0,-31022.22222222219,62.90662227519487,2.9192767305650094,452999.1569405028,62.91118842315569,,,,53627.846839027006
LHS Autogenerated 104,06ded92e-d0ac-4ff6-a76a-4b5822b4aa87,2017-05-24T20:13:27.991Z,2017-05-24T20:16:05.137Z,completed,completed normal,0.0,-9.990985711632458,434394.44444444444,-12416.666666666628,63.81652671069564,2.0093722950642388,434395.0725297361,63.813179609192694,,,,53627.846839027006
LHS Autogenerated 5,09d4b818-75a5-4747-a037-de8efca4e019,2017-05-24T20:07:53.022Z,2017-05-24T20:10:42.867Z,completed,completed normal,-10.60880564263999,0.0,449022.2222222222,-27044.44444444438,63.25731460971078,2.568584396049097,449020.7394125889,63.25518773621454,,,,53627.846839027006
LHS Autogenerated 119,0ee767af-b617-4d36-b276-8bf999d11842,2017-05-24T20:13:33.791Z,2017-05-24T20:16:18.190Z,completed,completed normal,0.0,-8.917010123627417,433058.3333333333,-11080.555555555504,64.01556830596145,1.8103306997984276,433058.61786866386,64.0147161394266,,,,53627.846839027006
LHS Autogenerated 48,103e1903-b1fd-472b-b466-1fdc09704f61,2017-05-24T20:10:41.328Z,2017-05-24T20:13:19.694Z,completed,completed normal,-9.990276539509175,0.0,447438.8888888889,-25461.111111111066,63.39000900655464,2.435889999205237,447438.6619898472,63.392941711010366,,,,53627.846839027006
LHS Autogenerated 14,1394dc1e-c6f7-4d63-b5e8-7440cb5042d0,2017-05-24T20:07:53.875Z,2017-05-24T20:10:43.815Z,completed,completed normal,-9.696608801085718,0.0,446694.44444444444,-24716.666666666628,63.456356204976586,2.369542800783293,446694.9044470694,63.460568776556535,,,,53627.846839027006
LHS Autogenerated 65,1a67aa89-1664-4377-b978-3aa935be732b,2017-05-24T20:10:46.189Z,2017-05-24T20:13:35.617Z,completed,completed normal,-13.230469240126562,0.0,455741.6666666667,-33763.888888888876,62.67914616631966,3.146752839440218,455741.1942152,62.68328406682907,,,,53627.846839027006
LHS Autogenerated 27,1bd195b5-eaa0-44f5-bbd5-00658c7b35a1,2017-05-24T20:07:55.284Z,2017-05-24T20:10:46.682Z,completed,completed normal,-6.44126174688308,0.0,438375.0,-16397.22222222219,64.19565355882098,1.6302454469389005,438375.7646146472,64.20020033714374,,,,53627.846839027006
LHS Autogenerated 73,1c31da44-7f74-4288-a56f-cc159c384584,2017-05-24T20:10:47.650Z,2017-05-24T20:13:26.539Z,completed,completed normal,-8.241986181108635,0.0,442969.44444444444,-20991.666666666628,63.77861402588312,2.047284979876757,442968.18975925277,63.77883149631317,,,,53627.846839027006
LHS Autogenerated 101,206f78b8-deba-44d1-a461-71452b6cd960,2017-05-24T20:13:27.257Z,2017-05-24T20:16:03.690Z,completed,completed normal,0.0,-12.777508205901372,437858.3333333333,-15880.555555555504,63.304705465726464,2.5211935400334156,437858.85960672225,63.306909894548134,,,,53627.846839027006
LHS Autogenerated 47,21429ebc-7a17-46fa-9b6a-d1b4715a1238,2017-05-24T20:10:40.472Z,2017-05-24T20:13:16.713Z,completed,completed normal,-9.57601462822413,0.0,446388.8888888889,-24411.111111111066,63.484790718586,2.3411082871738813,446387.45296436944,63.48702988545486,,,,53627.846839027006
LHS Autogenerated 59,23ae6299-6686-47b6-824a-68c4f5fa894a,2017-05-24T20:10:44.625Z,2017-05-24T20:13:29.103Z,completed,completed normal,-8.676819872474866,0.0,444080.5555555556,-22102.77777777781,63.67435414264866,2.1515448631112193,444081.15973990277,63.67742992405107,,,,53627.846839027006
LHS Autogenerated 105,2580de21-3567-438c-bf02-2d8e1ea75624,2017-05-24T20:13:28.464Z,2017-05-24T20:16:15.889Z,completed,completed normal,0.0,-6.740208362194675,430352.7777777778,-8375.0,64.43260783889932,1.393291166860564,430351.9063448056,64.43184649727175,,,,53627.846839027006
LHS Autogenerated 67,26608527-c984-4adf-8f5d-d68ba5c142ff,2017-05-24T20:10:46.368Z,2017-05-24T20:13:27.977Z,completed,completed normal,-10.153704760952742,0.0,447855.5555555556,-25877.77777777781,63.352096321742124,2.4738026840177554,447856.3883285027,63.35670972703996,,,,53627.846839027006
LHS Autogenerated 76,280a008a-c428-4802-8b81-71ac102d17d4,2017-05-24T20:10:47.827Z,2017-05-24T20:13:28.449Z,completed,completed normal,-11.034629484754904,0.0,450108.3333333333,-28130.555555555504,63.16253289767946,2.6633661080804174,450108.8119698694,63.159003345191074,,,,53627.846839027006
LHS Autogenerated 61,2817981a-8389-481e-86f5-424f542e79fc,2017-05-24T20:10:44.881Z,2017-05-24T20:13:24.507Z,completed,completed normal,-10.5277120599742,0.0,448811.1111111111,-26833.333333333314,63.27627095211706,2.54962805364282,448812.09722061665,63.273546537705386,,,,53627.846839027006
LHS Autogenerated 81,2886b17b-6ac5-416d-b493-06e275ea177c,2017-05-24T20:10:49.140Z,2017-05-24T20:13:35.739Z,completed,completed normal,-11.86734374387192,0.0,452247.2222222222,-30269.44444444438,62.9729694736168,2.8529295321430794,452246.0775037139,62.975783238340846,,,,53627.846839027006
LHS Autogenerated 58,29b534fa-64f4-4114-955c-5589ee23df6d,2017-05-24T20:10:44.547Z,2017-05-24T20:13:27.241Z,completed,completed normal,-10.24202467904553,0.0,448083.3333333333,-26105.555555555504,63.33313997933585,2.4927590264240322,448082.345247325,63.33605326681951,,,,53627.846839027006
LHS Autogenerated 116,2bf3c101-c319-4197-b604-6ab44d84fc00,2017-05-24T20:13:31.914Z,2017-05-24T20:16:17.000Z,completed,completed normal,0.0,-5.323992087123445,428586.1111111111,-6608.333333333314,64.70747480379016,1.1184242019697166,428587.21622831107,64.71205611737464,,,,53627.846839027006
LHS Autogenerated 23,2f6a258d-0cd2-4a77-b23c-8b853baabf95,2017-05-24T20:07:54.837Z,2017-05-24T20:10:46.129Z,completed,completed normal,-8.87172120782661,0.0,444586.1111111111,-22608.333333333314,63.645919629039255,2.179979376720624,444585.5400942,63.64642627125982,,,,53627.846839027006
LHS Autogenerated 82,318f9e8e-5094-489b-9b82-62d3a60b92a8,2017-05-24T20:10:49.327Z,2017-05-24T20:13:30.536Z,completed,completed normal,-11.254118653894752,0.0,450669.44444444444,-28691.666666666628,63.10566387046066,2.7202351352992196,450669.52757695003,63.11019861571431,,,,53627.846839027006
LHS Autogenerated 117,33001766-2a80-49a8-9949-8ddaaf4e51fe,2017-05-24T20:13:33.428Z,2017-05-24T20:16:11.124Z,completed,completed normal,0.0,-10.293717542059277,434772.2222222222,-12794.44444444438,63.75965768347684,2.066241322283041,434771.3337737584,63.75749796916946,,,,53627.846839027006
LHS Autogenerated 57,35ceb578-372e-4bc9-b226-d3c8f81e93c3,2017-05-24T20:10:44.150Z,2017-05-24T20:13:22.746Z,completed,completed normal,-8.41095334604299,0.0,443402.7777777778,-21425.0,63.74070134107058,2.0851976646892965,443402.3291758556,63.73879689151465,,,,53627.846839027006
LHS Autogenerated 42,361ddfc4-7ed3-4a37-a4ba-b525125aca95,2017-05-24T20:07:57.021Z,2017-05-24T20:10:48.888Z,completed,completed normal,-6.82701623025196,0.0,439361.1111111111,-17383.333333333314,64.11035001799277,1.7155489877671073,439361.4188740612,64.10893929801401,,,,53627.846839027006
LHS Autogenerated 26,379b000d-ba4b-40bd-8ffa-8903ca3dbd62,2017-05-24T20:07:55.176Z,2017-05-24T20:10:45.448Z,completed,completed normal,-12.25524452590293,0.0,453236.1111111111,-31258.333333333314,62.88766593278859,2.938233072971286,453235.13601046393,62.89200930645798,,,,53627.846839027006
LHS Autogenerated 35,3977396d-9999-4544-9ad1-9be53b166ef5,2017-05-24T20:07:56.466Z,2017-05-24T20:10:44.866Z,completed,completed normal,-7.284606856471252,0.0,440522.2222222222,-18544.44444444438,63.99661196355517,1.8292870422047116,440523.2458624944,64.00068874746128,,,,53627.846839027006
LHS Autogenerated 17,3b14afcd-210c-4173-a39c-8e4c893cbd2b,2017-05-24T20:07:54.343Z,2017-05-24T20:10:47.525Z,completed,completed normal,-13.48296804530106,0.0,456394.44444444444,-34416.66666666663,62.631755310304,3.194143695455878,456393.65006305557,62.629594519646005,,,,53627.846839027006
LHS Autogenerated 64,3d80523e-911b-4257-83ae-c4ab7c777628,2017-05-24T20:10:46.145Z,2017-05-24T20:13:33.772Z,completed,completed normal,-11.964238100988528,0.0,452494.44444444444,-30516.666666666628,62.95401313121052,2.8718858745493563,452494.9232632778,62.95509118600467,,,,53627.846839027006
LHS Autogenerated 90,41983758-2cb1-4e28-9ad0-10f8c39fc561,2017-05-24T20:13:19.716Z,2017-05-24T20:15:54.618Z,completed,completed normal,-8.900754403701642,0.0,444658.3333333333,-22680.555555555504,63.63644145783612,2.189457547923759,444659.67665210273,63.64087213153779,,,,53627.846839027006
LHS Autogenerated 7,425764b2-0edd-400f-8dce-e70a5aae5dbd,2017-05-24T20:07:53.164Z,2017-05-24T20:10:39.591Z,completed,completed normal,-9.674818385142789,0.0,446638.8888888889,-24661.111111111066,63.465834376179714,2.3600646295801653,446639.12600087776,63.46571402414368,,,,53627.846839027006
LHS Autogenerated 95,43c93fd4-b939-4eb9-8808-3023118c4f5c,2017-05-24T20:13:23.327Z,2017-05-24T20:16:05.955Z,completed,completed normal,-10.715491982956824,0.0,449291.6666666667,-27313.888888888876,63.228880096101385,2.5970189096584946,449292.4222093999,63.23104803952763,,,,53627.846839027006
LHS Autogenerated 56,43cf0f03-a8b8-403f-a731-20fdcd515a9a,2017-05-24T20:10:43.998Z,2017-05-24T20:13:30.313Z,completed,completed normal,-10.323314728607961,0.0,448288.8888888889,-26311.111111111066,63.31418363692959,2.511715368830288,448289.7767651694,63.317290068898906,,,,53627.846839027006
LHS Autogenerated 19,4446223b-c3c4-4986-a3dc-1529d46ccf8a,2017-05-24T20:07:54.593Z,2017-05-24T20:10:46.175Z,completed,completed normal,-7.011313863484184,0.0,439827.7777777778,-17850.0,64.0629591619771,1.7629398437827746,439826.93988281663,64.06375559192716,,,,53627.846839027006
LHS Autogenerated 24,44d0a612-d3fb-4d88-874b-9422f53b0ee3,2017-05-24T20:07:54.838Z,2017-05-24T20:10:44.133Z,completed,completed normal,-7.421812317598478,0.0,440875.0,-18897.22222222219,63.96817744994577,1.8577215558141091,440874.8279644111,63.96771828367624,,,,53627.846839027006
LHS Autogenerated 49,462891d6-9e02-47a0-9084-f6aea42489f4,2017-05-24T20:10:41.569Z,2017-05-24T20:13:27.174Z,completed,completed normal,-10.267119523364997,0.0,448147.2222222222,-26169.44444444438,63.33313997933585,2.4927590264240322,448147.02188358613,63.33039286089392,,,,53627.846839027006
LHS Autogenerated 6,47553600-3e12-4575-bf21-d0351ddc6dfe,2017-05-24T20:07:53.145Z,2017-05-24T20:10:41.313Z,completed,completed normal,-9.400394925818265,0.0,445938.8888888889,-23961.111111111066,63.52270340339851,2.30319560236137,445939.38007598056,63.52692677128841,,,,53627.846839027006
LHS Autogenerated 79,47ecc7a4-66b1-4c50-b740-74315e10d3b3,2017-05-24T20:10:48.901Z,2017-05-24T20:13:33.781Z,completed,completed normal,-11.348276492133346,0.0,450911.1111111111,-28933.333333333314,63.08670752805439,2.7391914777054893,450910.3614162084,63.08952388006326,,,,53627.846839027006
LHS Autogenerated 86,492a7c4a-6a68-49e1-8129-778f57872fd1,2017-05-24T20:10:49.738Z,2017-05-24T20:13:37.536Z,completed,completed normal,-8.494699430350382,0.0,443613.8888888889,-21636.111111111066,63.72174499866433,2.104154007095552,443615.00882901665,63.71948507610754,,,,53627.846839027006
LHS Autogenerated 88,49943f83-2b00-4d82-93fe-c05f77dafefc,2017-05-24T20:10:54.839Z,2017-05-24T20:13:41.288Z,completed,completed normal,-10.774998126310553,0.0,449444.44444444444,-27466.666666666628,63.21940192489826,2.6064970808616224,449445.1015967861,63.21788988434985,,,,53627.846839027006
LHS Autogenerated 92,49fc7dea-65ba-41f7-902e-2dfbf25aab7b,2017-05-24T20:13:22.151Z,2017-05-24T20:16:07.684Z,completed,completed normal,-14.67037853781163,0.0,459438.88888888893,-37461.111111111124,62.38532285902253,3.4405761467373495,459439.69989502494,62.381933955808435,,,,53627.846839027006
LHS Autogenerated 69,4a1177ce-db7f-4fef-84e3-33cc6dd9dde5,2017-05-24T20:10:46.699Z,2017-05-24T20:13:34.200Z,completed,completed normal,-9.098939221154732,0.0,445166.6666666667,-23188.888888888876,63.59852877302358,2.2273702327362983,445166.7410154222,63.59523759095832,,,,53627.846839027006
LHS Autogenerated 107,4b8515e2-56ad-4c31-9a47-d6bd59826efa,2017-05-24T20:13:29.252Z,2017-05-24T20:16:07.689Z,completed,completed normal,0.0,-13.337184386318778,438552.7777777778,-16575.0,63.20992375369513,2.61597525206475,438553.0808996583,63.20966691793679,,,,53627.846839027006
LHS Autogenerated 80,4d835be0-1b81-463e-90ee-5a115e96a802,2017-05-24T20:10:49.129Z,2017-05-24T20:13:30.377Z,completed,completed normal,-6.321713290214395,0.0,438069.44444444444,-16091.666666666628,64.22408807243039,1.6018109333294888,438070.3751952167,64.22870848306351,,,,53627.846839027006
LHS Autogenerated 127,4def0d7e-fea4-44ef-ba98-d0f0a73de33b,2017-05-24T20:13:36.692Z,2017-05-24T20:16:16.715Z,completed,completed normal,0.0,-9.13056148810249,433325.0,-11347.22222222219,63.97765562114891,1.8482433846109672,433324.4949656611,63.974553833142274,,,,53627.846839027006
LHS Autogenerated 44,4e448d9b-964f-41d8-9d49-494545cd089e,2017-05-24T20:07:57.124Z,2017-05-24T20:10:49.126Z,completed,completed normal,-13.105051738784962,0.0,455419.44444444444,-33441.66666666663,62.707580679929066,3.1183183258308134,455419.70629528613,62.709712631109106,,,,53627.846839027006
LHS Autogenerated 4,4e4acca9-a5f9-431c-a63d-0b783c583e46,2017-05-24T20:07:52.958Z,2017-05-24T20:10:42.934Z,completed,completed normal,-8.333464342421909,0.0,443205.5555555556,-21227.77777777781,63.75965768347684,2.066241322283041,443204.27145563334,63.75747509540411,,,,53627.846839027006
LHS Autogenerated 2,505fa3d1-4e3a-4647-bd01-72afd0fdf1c0,2017-05-24T20:07:52.796Z,2017-05-24T20:10:51.769Z,completed,completed normal,-8.794800814271595,0.0,444380.5555555556,-22402.77777777781,63.645919629039255,2.179979376720624,444381.7800135194,63.65019598399126,,,,53627.846839027006
LHS Autogenerated 128,52347414-1756-4682-9eee-d848a82e7717,2017-05-24T20:13:37.370Z,2017-05-24T20:16:13.928Z,completed,completed normal,0.0,-10.200597243557525,434655.55555555556,-12677.777777777752,63.77861402588312,2.047284979876757,434655.93320671114,63.7749636364744,,,,53627.846839027006
LHS Autogenerated 78,54b4f9a1-fc40-4faa-8f65-60aa2773eeea,2017-05-24T20:10:48.881Z,2017-05-24T20:13:36.382Z,completed,completed normal,-13.588009586784517,0.0,456658.3333333333,-34680.555555555504,62.603320796694604,3.2225782090652757,456659.62520912505,62.60579020991432,,,,53627.846839027006
LHS Autogenerated 68,589326e6-c248-4d3a-9352-b0f722759286,2017-05-24T20:10:46.416Z,2017-05-24T20:13:29.291Z,completed,completed normal,-8.02776781669067,0.0,442419.44444444444,-20441.666666666628,63.82600488189878,1.9998941238610968,442418.89155698335,63.826991299174615,,,,53627.846839027006
LHS Autogenerated 110,5e2c4daa-442c-4333-8b17-2c1b5082a421,2017-05-24T20:13:29.613Z,2017-05-24T20:16:14.665Z,completed,completed normal,0.0,-13.140878270372653,438311.1111111111,-16333.333333333314,63.24783643850767,2.5780625672522106,438310.57188796945,63.24315714660312,,,,53627.846839027006
LHS Autogenerated 10,5eaf9a69-5f57-4a25-9d9a-edf956579bd8,2017-05-24T20:07:53.486Z,2017-05-24T20:10:41.553Z,completed,completed normal,-8.63806970609025,0.0,443983.3333333333,-22005.555555555504,63.68383231385179,2.1420666919080915,443982.6351788694,63.68588000662998,,,,53627.846839027006
LHS Autogenerated 55,60866cb6-5207-43e6-aeff-9bcc185d54bb,2017-05-24T20:10:43.829Z,2017-05-24T20:13:26.042Z,completed,completed normal,-7.69567539050086,0.0,441572.2222222222,-19594.44444444438,63.90183025152385,1.924068754236032,441572.04878735833,63.903785815312126,,,,53627.846839027006
LHS Autogenerated 22,60d1976b-9f72-4846-86d3-d02039a9641d,2017-05-24T20:07:54.805Z,2017-05-24T20:10:45.425Z,completed,completed normal,-8.54645170438563,0.0,443747.2222222222,-21769.44444444438,63.70278865625804,2.123110349501836,443748.0684733694,63.70706282793228,,,,53627.846839027006
LHS Autogenerated 62,62436963-afd8-4f8d-8bda-05a0692cf031,2017-05-24T20:10:45.440Z,2017-05-24T20:13:36.244Z,completed,completed normal,-10.107158945133115,0.0,447741.6666666667,-25763.888888888876,63.37105266414839,2.4548463416114927,447740.19516882225,63.36678109208061,,,,53627.846839027006
LHS Autogenerated 9,67163480-0f94-4ea2-9d42-74a26bb722d8,2017-05-24T20:07:53.441Z,2017-05-24T20:10:42.177Z,completed,completed normal,-12.603021313695669,0.0,454127.7777777778,-32150.0,62.82131873436667,3.004580271393209,454128.1385021472,62.818678462599934,,,,53627.846839027006
LHS Autogenerated 100,69d00af1-941d-4e76-9e47-2795fd03878f,2017-05-24T20:13:27.184Z,2017-05-24T20:16:12.470Z,completed,completed normal,-11.15202366116836,0.0,450408.3333333333,-28430.555555555504,63.13409838407006,2.691800621689822,450409.0907358139,63.133108749211004,,,,53627.846839027006
LHS Autogenerated 109,6dde3bcc-b1ed-4cfe-88b2-8db1c90dddaf,2017-05-24T20:13:29.543Z,2017-05-24T20:16:14.669Z,completed,completed normal,0.0,-14.031772912558687,439416.6666666667,-17438.888888888876,63.08670752805439,2.7391914777054893,439417.94915243617,63.08914707341459,,,,53627.846839027006
LHS Autogenerated 43,6eafd68b-ce04-4cc7-8486-89268c1e2daf,2017-05-24T20:07:57.102Z,2017-05-24T20:10:44.795Z,completed,completed normal,-10.005650688312052,0.0,447477.7777777778,-25500.0,63.39000900655464,2.435889999205237,447477.9423996888,63.38953408219994,,,,53627.846839027006
LHS Autogenerated 106,71e91d33-e476-443d-9cd0-0e1d87970280,2017-05-24T20:13:29.214Z,2017-05-24T20:16:15.501Z,completed,completed normal,0.0,-7.608350513385577,431433.3333333333,-9455.555555555504,64.2620007572429,1.5638982485169777,431432.2022109306,64.26454195837775,,,,53627.846839027006
LHS Autogenerated 33,748a4806-1a3a-4e9c-86cb-3171d09bda1d,2017-05-24T20:07:55.884Z,2017-05-24T20:10:47.680Z,completed,completed normal,-9.192132553186983,0.0,445405.5555555556,-23427.77777777781,63.57957243061731,2.246326575142568,445405.79917671107,63.57487422318338,,,,53627.846839027006
LHS Autogenerated 97,77792900-cbb8-4cd2-a929-55f7a62c5a5c,2017-05-24T20:13:24.789Z,2017-05-24T20:16:08.781Z,completed,completed normal,-7.9855808028526925,0.0,442311.1111111111,-20333.333333333314,63.83548305310191,1.990415952657969,442311.5238762778,63.83686322464106,,,,53627.846839027006
LHS Autogenerated 20,7afff22b-8a95-447d-9ed5-6b64bd0040ab,2017-05-24T20:07:54.748Z,2017-05-24T20:10:49.728Z,completed,completed normal,-7.523730055392688,0.0,441136.1111111111,-19158.333333333314,63.93974293633637,1.8861560694235067,441135.3023904361,63.944204847351145,,,,53627.846839027006
LHS Autogenerated 96,7e5c676c-7954-4184-b4b3-e60cb954f842,2017-05-24T20:13:24.517Z,2017-05-24T20:16:08.275Z,completed,completed normal,-9.168055331648437,0.0,445344.44444444444,-23366.666666666628,63.57957243061731,2.246326575142568,445344.03255425283,63.58018301889887,,,,53627.846839027006
LHS Autogenerated 89,83e7ad22-9999-4bec-8471-9136880fa596,2017-05-24T20:13:16.728Z,2017-05-24T20:15:46.739Z,completed,completed normal,-7.574979270799107,0.0,441266.6666666667,-19288.888888888876,63.930264765133245,1.8956342406266344,441265.5966704694,63.93190038017269,,,,53627.846839027006
LHS Autogenerated 25,856f70c5-27d1-462e-b713-b0a52edfa302,2017-05-24T20:07:54.944Z,2017-05-24T20:10:44.609Z,completed,completed normal,-5.152466097862786,0.0,435088.8888888889,-13111.111111111066,64.50843320852437,1.3174657972355135,435089.5383643861,64.51216679120648,,,,53627.846839027006
LHS Autogenerated 93,86c6684d-7a92-45e1-8e1e-cbebd31b7b5c,2017-05-24T20:13:22.762Z,2017-05-24T20:16:05.785Z,completed,completed normal,-10.891896888173651,0.0,449744.44444444444,-27766.666666666628,63.19096741128885,2.634931594471027,449744.48022820556,63.190980423045495,,,,53627.846839027006
LHS Autogenerated 99,8fc94f47-3164-4d99-85a5-c8c5ee017cee,2017-05-24T20:13:26.553Z,2017-05-24T20:16:05.661Z,completed,completed normal,-11.553166861316289,0.0,451436.1111111111,-29458.333333333314,63.04879484324185,2.777104162518029,451436.3563859417,63.04590626493349,,,,53627.846839027006
LHS Autogenerated 18,910e707b-8a76-4423-a9ba-1a4ada3a7f6c,2017-05-24T20:07:54.367Z,2017-05-24T20:10:44.533Z,completed,completed normal,-10.856516779225881,0.0,449652.7777777778,-27675.0,63.200445582492,2.625453423267878,449653.7991454917,63.199380929566544,,,,53627.846839027006
LHS Autogenerated 66,954d3c11-2f28-4cf9-a24a-9f067c14bfcb,2017-05-24T20:10:46.347Z,2017-05-24T20:13:36.683Z,completed,completed normal,-9.258788840714953,0.0,445575.0,-23597.22222222219,63.56061608821105,2.2652829175488307,445574.53590179165,63.5596773598418,,,,53627.846839027006
LHS Autogenerated 72,972264a1-b3a6-4c6b-9b62-14b0d36b8b5b,2017-05-24T20:10:47.535Z,2017-05-24T20:13:35.987Z,completed,completed normal,-11.686043874839328,0.0,451777.7777777778,-29800.0,63.02036032963245,2.8055386761274264,451776.94598711113,63.015999206125514,,,,53627.846839027006
LHS Autogenerated 41,992bb47d-aec8-4a37-a2ab-355eabe31610,2017-05-24T20:07:56.971Z,2017-05-24T20:10:49.312Z,completed,completed normal,-12.797830384186069,0.0,454627.7777777778,-32650.0,62.77392787835101,3.0519711274088692,454628.8925922778,62.776802864639606,,,,53627.846839027006
LHS Autogenerated 115,99e64389-5144-4952-8c85-8bdcee951d9a,2017-05-24T20:13:30.550Z,2017-05-24T20:16:10.583Z,completed,completed normal,0.0,-10.346850905561238,434838.8888888889,-12861.111111111066,63.750179512273725,2.0757194934861545,434837.73236368055,63.747403149105146,,,,53627.846839027006
LHS Autogenerated 84,9b8fe5dc-bffb-404b-b0d7-45f09fc7c376,2017-05-24T20:10:49.696Z,2017-05-24T20:13:30.274Z,completed,completed normal,-9.839584656611326,0.0,447058.3333333333,-25080.555555555504,63.42792169136718,2.3979773143926977,447059.0181425028,63.42929872761261,,,,53627.846839027006
LHS Autogenerated 13,a02f7f0d-b791-407f-83e1-17fee5df3d68,2017-05-24T20:07:53.851Z,2017-05-24T20:10:46.352Z,completed,completed normal,-11.611277556813857,0.0,451586.1111111111,-29608.333333333314,63.029838500835595,2.7960605049242844,451585.67072505,63.03257035944085,,,,53627.846839027006
LHS Autogenerated 74,a0b28287-2043-4e9c-852e-29006f5970df,2017-05-24T20:10:47.660Z,2017-05-24T20:13:37.416Z,completed,completed normal,-8.98011284836942,0.0,444863.8888888889,-22886.111111111066,63.62696328663297,2.198935719126908,444863.36501015554,63.62234583991876,,,,53627.846839027006
LHS Autogenerated 45,a46b3063-6233-41d9-bd29-ab16ec48df3f,2017-05-24T20:10:38.980Z,2017-05-24T20:13:23.312Z,completed,completed normal,-6.013535060876407,0.0,437283.3333333333,-15305.555555555504,64.29991344205544,1.5259855637044382,437282.80650040833,64.30194195516655,,,,53627.846839027006
LHS Autogenerated 113,a724c81a-1116-4dda-9d95-a117a332d9b5,2017-05-24T20:13:30.324Z,2017-05-24T20:16:14.785Z,completed,completed normal,0.0,-10.208798536934808,434666.6666666667,-12688.888888888876,63.76913585467998,2.056763151079899,434666.16652888054,63.77360503792587,,,,53627.846839027006
LHS Autogenerated 120,a8795d42-6ece-4089-89b5-8682026128b8,2017-05-24T20:13:34.214Z,2017-05-24T20:16:14.176Z,completed,completed normal,0.0,-11.849805576726482,436705.5555555556,-14727.77777777781,63.47531254738285,2.3505864583770304,436706.4137282639,63.47262544472098,,,,53627.846839027006
LHS Autogenerated 21,aa4fd0f0-434a-430f-afe5-e087878c7532,2017-05-24T20:07:54.792Z,2017-05-24T20:10:38.957Z,completed,completed normal,-11.528160501035867,0.0,451372.2222222222,-29394.44444444438,63.04879484324185,2.777104162518029,451371.60532838886,63.05140222224759,,,,53627.846839027006
LHS Autogenerated 11,aa7fb853-21c7-4aff-a2c4-b994bd90ea5b,2017-05-24T20:07:53.576Z,2017-05-24T20:10:43.984Z,completed,completed normal,-9.947314968610879,0.0,447330.5555555556,-25352.77777777781,63.39948717775779,2.426411828002088,447330.9970163,63.404072047789064,,,,53627.846839027006
LHS Autogenerated 36,b15682d8-7ba1-4f90-a792-54349b73261f,2017-05-24T20:07:56.512Z,2017-05-24T20:10:49.119Z,completed,completed normal,-10.990907250473091,0.0,449997.2222222222,-28019.44444444438,63.1720110688826,2.6538879368772825,449997.1307811861,63.16863834046148,,,,53627.846839027006
LHS Autogenerated 122,b4cbfc9c-33e1-4045-a3f8-d75000eb505a,2017-05-24T20:13:35.753Z,2017-05-24T20:16:13.359Z,completed,completed normal,0.0,-9.361398355041981,433611.1111111111,-11633.333333333314,63.930264765133245,1.8956342406266344,433612.2791519528,63.93155625604969,,,,53627.846839027006
LHS Autogenerated 38,b60a90e4-2b78-4143-8cc4-eb798f654015,2017-05-24T20:07:56.824Z,2017-05-24T20:10:46.942Z,completed,completed normal,-12.059266519933798,0.0,452730.5555555556,-30752.77777777781,62.93505678880427,2.890842216955612,452731.65674595,62.9338069470952,,,,53627.846839027006
LHS Autogenerated 16,b7450d97-7b93-494d-beb8-7506e0da26f7,2017-05-24T20:07:53.990Z,2017-05-24T20:10:42.831Z,completed,completed normal,-9.856508950319046,0.0,447102.7777777778,-25125.0,63.42792169136718,2.3979773143926977,447102.46446217777,63.42556818675998,,,,53627.846839027006
LHS Autogenerated 75,b999c91a-c041-43a2-95d1-2afb4b1f6eef,2017-05-24T20:10:47.696Z,2017-05-24T20:13:30.232Z,completed,completed normal,-10.408505403869814,0.0,448508.3333333333,-26530.555555555504,63.29522729452333,2.5306717112365504,448507.42368429445,63.29856913321484,,,,53627.846839027006
LHS Autogenerated 30,b9db4c7a-f9e9-4f7a-bf39-1f18ae704c3d,2017-05-24T20:07:55.605Z,2017-05-24T20:10:46.400Z,completed,completed normal,-13.361984050555193,0.0,456080.5555555556,-34102.77777777781,62.650711652710264,3.1751873530496155,456080.29114520835,62.65468472424917,,,,53627.846839027006
LHS Autogenerated 70,baa3c971-ec0c-4a31-8dfb-fdd74af2cc07,2017-05-24T20:10:46.957Z,2017-05-24T20:13:29.235Z,completed,completed normal,-7.204094093526228,0.0,440316.6666666667,-18338.888888888876,64.01556830596145,1.8103306997984276,440317.4185988139,64.01876714536091,,,,53627.846839027006
LHS Autogenerated 1,bc3f6f9e-5b12-4d86-8688-d4e7d014d076,2017-05-24T20:07:52.391Z,2017-05-24T20:10:42.847Z,completed,completed normal,-12.306724614937899,0.0,453366.6666666667,-31388.888888888876,62.878187761585465,2.947711244174414,453367.4641198056,62.881048610006424,,,,53627.846839027006
LHS Autogenerated 63,be6bc7bc-08fd-430f-9512-7472fcae9434,2017-05-24T20:10:45.462Z,2017-05-24T20:13:31.901Z,completed,completed normal,-9.442187940123045,0.0,446047.2222222222,-24069.44444444438,63.51322523219539,2.312673773564491,446046.4157712166,63.51768612179503,,,,53627.846839027006
LHS Autogenerated 46,be6e6f73-7d46-4f1a-8483-c222baf28b43,2017-05-24T20:10:39.602Z,2017-05-24T20:13:22.981Z,completed,completed normal,-9.33042837985475,0.0,445758.3333333333,-23780.555555555504,63.54165974580479,2.2842392599550863,445757.8721298389,63.543372592565945,,,,53627.846839027006
LHS Autogenerated 124,c00f3d9f-df13-4aa6-ba4e-341596382524,2017-05-24T20:13:36.261Z,2017-05-24T20:16:14.464Z,completed,completed normal,0.0,-10.518422178163645,435052.7777777778,-13075.0,63.71226682746118,2.113632178298701,435051.64140855003,63.716125987134944,,,,53627.846839027006
LHS Autogenerated 125,c027772b-84b5-44b1-9637-cab7c2ed756e,2017-05-24T20:13:36.331Z,2017-05-24T20:16:16.969Z,completed,completed normal,0.0,-12.908951794837213,438022.2222222222,-16044.44444444438,63.28574912332018,2.5401498824396995,438021.62811058335,63.2835664235946,,,,53627.846839027006
LHS Autogenerated 52,c12555f3-6e70-46f0-927b-5c187ca40649,2017-05-24T20:10:42.860Z,2017-05-24T20:13:22.136Z,completed,completed normal,-10.063884789305849,0.0,447625.0,-25647.22222222219,63.38053083535153,2.4453681704083507,447625.0880568778,63.376307012850624,,,,53627.846839027006
LHS Autogenerated 32,c1ec691e-e5e8-4879-b032-a4b4eab125e3,2017-05-24T20:07:55.735Z,2017-05-24T20:10:47.637Z,completed,completed normal,-12.447491173878044,0.0,453730.5555555556,-31752.77777777781,62.84975324797606,2.9761457577838186,453729.0746265861,62.85180824986494,,,,53627.846839027006
LHS Autogenerated 98,c2953c89-fe16-414e-82e8-d40875e2ef86,2017-05-24T20:13:26.055Z,2017-05-24T20:16:02.503Z,completed,completed normal,-11.792992444113578,0.0,452052.7777777778,-30075.0,62.991925816023056,2.833973189736824,452053.0241693944,62.9926262681917,,,,53627.846839027006
LHS Autogenerated 53,c5944908-adb2-4e51-afa4-b3329dcc329f,2017-05-24T20:10:42.883Z,2017-05-24T20:13:22.081Z,completed,completed normal,-12.971402028638817,0.0,455075.0,-33097.22222222219,62.73601519353847,3.0898838122214087,455074.3188061278,62.73867872030155,,,,53627.846839027006
LHS Autogenerated 3,c5ba39c5-3fd8-4a08-9a99-357cb1850480,2017-05-24T20:07:52.787Z,2017-05-24T20:10:40.458Z,completed,completed normal,-7.860439897498732,0.0,441991.6666666667,-20013.888888888876,63.8639175667113,1.9619814390485786,441991.315926,63.86506025419748,,,,53627.846839027006
LHS Autogenerated 102,c7fcecfe-0133-4f05-9e7c-4ed1ae074e29,2017-05-24T20:13:27.740Z,2017-05-24T20:16:04.979Z,completed,completed normal,0.0,-9.71967927309968,434055.55555555556,-12077.777777777752,63.8639175667113,1.9619814390485786,434056.5644940389,63.86378397329097,,,,53627.846839027006
LHS Autogenerated 118,cc37864e-d6b8-4d0d-bd4e-1cab014d206c,2017-05-24T20:13:33.785Z,2017-05-24T20:16:09.740Z,completed,completed normal,0.0,-10.148487812807886,434591.6666666667,-12613.888888888876,63.78809219708625,2.037806808673629,434590.6679207416,63.78472719034165,,,,53627.846839027006
LHS Autogenerated 103,cc55d8b9-885e-4a35-941f-ae3f625a0380,2017-05-24T20:13:27.958Z,2017-05-24T20:16:06.464Z,completed,completed normal,0.0,-10.050039783361399,434469.44444444444,-12491.666666666628,63.807048539492506,2.0188504662673736,434469.6572546861,63.802708567519815,,,,53627.846839027006
LHS Autogenerated 37,cea47fdf-6311-4aab-b728-020682bad77e,2017-05-24T20:07:56.733Z,2017-05-24T20:10:49.681Z,completed,completed normal,-8.219426528893578,0.0,442911.1111111111,-20933.333333333314,63.78809219708625,2.037806808673629,442910.7859079694,63.784136442677955,,,,53627.846839027006
LHS Autogenerated 28,d57481ca-01af-4938-960b-7eca41f3c975,2017-05-24T20:07:55.324Z,2017-05-24T20:10:48.868Z,completed,completed normal,-9.48837480300218,0.0,446163.8888888889,-24186.111111111066,63.503747060992254,2.3221519447676258,446163.4610871833,63.50719682515494,,,,53627.846839027006
LHS Autogenerated 15,d6f04d7c-877f-419d-88f7-4a6be87c9860,2017-05-24T20:07:53.941Z,2017-05-24T20:10:46.333Z,completed,completed normal,-9.583154124885342,0.0,446405.5555555556,-24427.77777777781,63.484790718586,2.3411082871738813,446405.80469776667,63.48551005006793,,,,53627.846839027006
LHS Autogenerated 131,d785207e-c9d6-4ccb-8ffc-dba591d7b0ef,2017-05-24T20:13:38.407Z,2017-05-24T20:16:15.619Z,completed,completed normal,0.0,-8.957018070643828,433108.3333333333,-11130.555555555504,64.00609013475831,1.8198088710015696,433108.5551233723,64.00695910225204,,,,53627.846839027006
LHS Autogenerated 108,d88149bb-60b4-41df-8a6a-09275c28f5bb,2017-05-24T20:13:29.313Z,2017-05-24T20:16:15.878Z,completed,completed normal,0.0,-8.540690363903792,432591.6666666667,-10613.888888888876,64.08191550438337,1.7439835013765048,432592.4461573444,64.08586466338728,,,,53627.846839027006
LHS Autogenerated 114,d8d7de23-5674-404d-bcd5-caca62e7096c,2017-05-24T20:13:30.387Z,2017-05-24T20:16:15.882Z,completed,completed normal,0.0,-7.742370177375478,431597.2222222222,-9619.44444444438,64.24304441483665,1.5828545909232332,431596.7049888222,64.23861176505949,,,,53627.846839027006
LHS Autogenerated 34,d91c9aea-df69-4b09-a434-275358a52ee3,2017-05-24T20:07:56.130Z,2017-05-24T20:10:48.623Z,completed,completed normal,-7.774998298982426,0.0,441775.0,-19797.22222222219,63.882873909117585,1.9430250966422946,441775.15918776667,63.88567060977819,,,,53627.846839027006
LHS Autogenerated 51,dc3236e7-3fcb-47c3-8fff-072fd6d43d59,2017-05-24T20:10:42.844Z,2017-05-24T20:13:29.531Z,completed,completed normal,-5.877197374316793,0.0,436936.1111111111,-14958.333333333314,64.33782612686797,1.4880728788919129,436935.8594505139,64.33418896199137,,,,53627.846839027006
LHS Autogenerated 40,ddf6fc1f-1151-49c6-ab56-428e386738e9,2017-05-24T20:07:56.941Z,2017-05-24T20:10:49.706Z,completed,completed normal,-12.68852459580622,0.0,454347.2222222222,-32369.44444444438,62.8023623919604,3.023536613799479,454348.50821578887,62.799877965526015,,,,53627.846839027006
LHS Autogenerated 12,df3b8692-a281-4a72-811f-ec2aa770b7ed,2017-05-24T20:07:53.579Z,2017-05-24T20:10:54.824Z,completed,completed normal,-9.04552352082544,0.0,445030.5555555556,-23052.77777777781,63.608006944226716,2.2178920615331634,445030.7322896833,63.60737010610262,,,,53627.846839027006
LHS Autogenerated 91,e0cf1f7e-8508-43db-b4eb-51b7729db381,2017-05-24T20:13:22.095Z,2017-05-24T20:16:07.198Z,completed,completed normal,-8.097811976899841,0.0,442597.2222222222,-20619.44444444438,63.807048539492506,2.0188504662673736,442596.86125680833,63.81144107784818,,,,53627.846839027006
LHS Autogenerated 87,e1974af0-98f1-45f2-bfaa-d04e03766035,2017-05-24T20:10:51.780Z,2017-05-24T20:13:37.358Z,completed,completed normal,-11.414625101568824,0.0,451077.7777777778,-29100.0,63.07722935685126,2.748669648908617,451079.08997455554,63.075272733450824,,,,53627.846839027006
LHS Autogenerated 94,e1c6dd4c-8359-42c5-b6b8-b3e64c9584c9,2017-05-24T20:13:22.996Z,2017-05-24T20:16:08.504Z,completed,completed normal,-12.51830582490161,0.0,453911.1111111111,-31933.333333333314,62.84027507677293,2.9856239289869464,453911.32016964443,62.8365951468049,,,,53627.846839027006
LHS Autogenerated 130,e50189b0-9dc8-4448-92bf-e3e23fa872cb,2017-05-24T20:13:37.550Z,2017-05-24T20:16:17.009Z,completed,completed normal,0.0,-9.49857782462749,433783.3333333333,-11805.555555555504,63.90183025152385,1.924068754236032,433782.4510459333,63.90526364641095,,,,53627.846839027006
LHS Autogenerated 31,e841340c-4c77-426f-9615-bfa3bd26a113,2017-05-24T20:07:55.695Z,2017-05-24T20:10:47.407Z,completed,completed normal,-6.7110227238441444,0.0,439066.6666666667,-17088.888888888876,64.13878453160218,1.6871144741576956,439066.5361041972,64.1362526183453,,,,53627.846839027006
LHS Autogenerated 71,e8c50c1f-ef40-4b54-b65b-01dbb3d54503,2017-05-24T20:10:47.417Z,2017-05-24T20:13:33.417Z,completed,completed normal,-11.266256076724222,0.0,450700.0,-28722.22222222219,63.10566387046066,2.7202351352992196,450700.6052008861,63.10778687490107,,,,53627.846839027006
LHS Autogenerated 29,ebd13cc7-7b78-401e-af9d-ded2e7e44e23,2017-05-24T20:07:55.413Z,2017-05-24T20:10:49.486Z,completed,completed normal,-13.865774201660328,0.0,457372.2222222222,-35394.44444444438,62.546451769475794,3.279447236284085,457372.32091268885,62.54900394013417,,,,53627.846839027006
LHS Autogenerated 112,ecd61afd-4d86-4609-afe2-eebc81e37abb,2017-05-24T20:13:30.285Z,2017-05-24T20:16:09.818Z,completed,completed normal,0.0,-9.763349895883419,434111.1111111111,-12133.333333333314,63.85443939550819,1.9714596102516921,434111.17141390004,63.85525627647032,,,,53627.846839027006
LHS Autogenerated 85,ed19aa63-76ac-4f6f-aa3b-52be268e9896,2017-05-24T20:10:49.721Z,2017-05-24T20:13:38.397Z,completed,completed normal,-11.067339722751848,0.0,450191.6666666667,-28213.888888888876,63.15305472647631,2.6728442792835665,450192.74910469446,63.15233773069063,,,,53627.846839027006
LHS Autogenerated 39,ed485e68-406d-412c-aa8a-3ddeebeb01b0,2017-05-24T20:07:56.886Z,2017-05-24T20:10:47.646Z,completed,completed normal,-10.648958119475218,0.0,449125.0,-27147.22222222219,63.24783643850767,2.5780625672522106,449123.738959025,63.245881789884194,,,,53627.846839027006
LHS Autogenerated 54,f2a8bbbd-76a9-4edb-91e5-3e194b0981bf,2017-05-24T20:10:42.947Z,2017-05-24T20:13:27.942Z,completed,completed normal,-14.212817215837434,0.0,458261.1111111111,-36283.333333333314,62.47062639985074,3.3552726059091427,458261.2942272167,62.47533993382872,,,,53627.846839027006
LHS Autogenerated 111,f4d7c0c5-3bd7-4170-91c0-a529045e58df,2017-05-24T20:13:30.242Z,2017-05-24T20:16:17.176Z,completed,completed normal,0.0,-10.097131012822295,434527.7777777778,-12550.0,63.79757036828938,2.0283286374705014,434527.47536254994,63.79397149814371,,,,53627.846839027006
LHS Autogenerated 60,f8ebe39d-4b49-4720-8d85-2b8ca2767f51,2017-05-24T20:10:44.809Z,2017-05-24T20:13:24.774Z,completed,completed normal,-6.9680772817154395,0.0,439716.6666666667,-17738.888888888876,64.07243733318023,1.7534616725796468,439716.9523954611,64.0742082863344,,,,53627.846839027006
LHS Autogenerated 83,f9b9a75b-f307-4ba1-b96b-39f129076cdf,2017-05-24T20:10:49.497Z,2017-05-24T20:13:29.597Z,completed,completed normal,-9.751184619896213,0.0,446833.3333333333,-24855.555555555504,63.44687803377346,2.379020971986421,446833.65310027497,63.44890501656748,,,,53627.846839027006
LHS Autogenerated 50,fdf2b18a-1adf-4aee-8c50-721cf0025a9a,2017-05-24T20:10:42.191Z,2017-05-24T20:13:27.730Z,completed,completed normal,-10.453784409962775,0.0,448622.2222222222,-26644.44444444438,63.28574912332018,2.5401498824396995,448622.9887084945,63.288579938089455,,,,53627.846839027006
LHS Autogenerated 77,feec3295-6981-42b1-b9f6-74d51ef8aecf,2017-05-24T20:10:48.637Z,2017-05-24T20:13:36.317Z,completed,completed normal,-10.553217271820845,0.0,448877.7777777778,-26900.0,63.266792780913924,2.559106224845955,448877.65874108055,63.26776695787095,,,,53627.846839027006
LHS Autogenerated 148,0bf9d73c-2dd1-4ff4-a171-c4807e551530,2017-05-24T20:16:08.794Z,2017-05-24T20:18:53.112Z,completed,completed normal,0.0,-12.413772851581275,437408.3333333333,-15430.555555555504,63.37105266414839,2.4548463416114927,437408.2039629666,63.37028023783752,,,,53627.846839027006
LHS Autogenerated 181,10f58acf-032a-42b9-9ecc-c851f3f7977c,2017-05-24T20:18:40.552Z,2017-05-24T20:20:30.525Z,completed,completed normal,0.0,-11.630600593422633,436433.3333333333,-14455.555555555504,63.51322523219539,2.312673773564491,436433.35926991946,63.512617122066985,,,,53627.846839027006
LHS Autogenerated 197,10fe4b74-58cf-49b3-a667-f1d134535836,2017-05-24T20:18:52.135Z,2017-05-24T20:20:39.373Z,completed,completed normal,0.0,-11.53960655051993,436319.44444444444,-14341.666666666628,63.53218157460166,2.293717431158221,436318.91334908333,63.52951990525683,,,,53627.846839027006
LHS Autogenerated 144,1a4ad3e0-eed3-4e6a-8b8a-acfbe8fff7da,2017-05-24T20:16:07.696Z,2017-05-24T20:18:43.173Z,completed,completed normal,0.0,-10.983395241457613,435627.7777777778,-13650.0,63.62696328663297,2.198935719126908,435629.13890454994,63.630973381046,,,,53627.846839027006
LHS Autogenerated 166,1b47c644-8553-4196-94bd-b1fae2469c3d,2017-05-24T20:16:16.730Z,2017-05-24T20:19:01.837Z,completed,completed normal,0.0,-11.993917823542871,436886.1111111111,-14908.333333333314,63.44687803377346,2.379020971986421,436885.9405601305,63.44639099736801,,,,53627.846839027006
LHS Autogenerated 191,1d35cc1e-dfa4-46af-bd87-0eccf5f6fde8,2017-05-24T20:18:49.643Z,2017-05-24T20:20:36.413Z,completed,completed normal,0.0,-6.896479131656249,430547.2222222222,-8569.44444444438,64.4041733252899,1.4217256804699758,430546.7856821278,64.40121273604504,,,,53627.846839027006
LHS Autogenerated 171,2023a38a-d8d7-4df3-a029-84867db5b6a4,2017-05-24T20:16:18.200Z,2017-05-24T20:18:53.379Z,completed,completed normal,0.0,-12.685969037116969,437747.2222222222,-15769.44444444438,63.32366180813272,2.50223719762716,437748.5438540028,63.32367097132534,,,,53627.846839027006
LHS Autogenerated 190,2481a55f-e8f1-44ee-b3d0-2313480645bc,2017-05-24T20:18:47.562Z,2017-05-24T20:20:34.707Z,completed,completed normal,0.0,-8.840572500581777,432963.8888888889,-10986.111111111066,64.02504647716458,1.8008525285952999,432964.6266724778,64.02892271203864,,,,53627.846839027006
LHS Autogenerated 168,28ad8640-91a0-4c2d-b55b-36c9e7aa2b02,2017-05-24T20:16:17.011Z,2017-05-24T20:19:01.827Z,completed,completed normal,0.0,-9.199245360963804,433411.1111111111,-11433.333333333314,63.95869927874266,1.8671997270172227,433410.15150377783,63.96222640535946,,,,53627.846839027006
LHS Autogenerated 157,30657faf-a381-42cc-a0fc-20ce21de17a0,2017-05-24T20:16:14.477Z,2017-05-24T20:18:59.652Z,completed,completed normal,0.0,-12.281867770912111,437244.44444444444,-15266.666666666628,63.39000900655464,2.435889999205237,437243.4236140222,63.39388226447731,,,,53627.846839027006
LHS Autogenerated 172,318c1cdd-5f97-4f5e-8926-47c8d64188d1,2017-05-24T20:16:18.378Z,2017-05-24T20:18:53.416Z,completed,completed normal,0.0,-10.654952655308469,435222.2222222222,-13244.44444444438,63.693310485054916,2.1325885207049637,435221.56989394163,63.69136589223084,,,,53627.846839027006
LHS Autogenerated 178,34052d49-776c-442f-9231-c5b666f7e210,2017-05-24T20:18:28.324Z,2017-05-24T20:20:19.070Z,completed,completed normal,0.0,-8.253592517902431,432233.3333333333,-10255.555555555504,64.13878453160218,1.6871144741576956,432234.0336208861,64.139823992449,,,,53627.846839027006
LHS Autogenerated 196,3528e886-ba98-4233-ae9d-1b09be189264,2017-05-24T20:18:52.003Z,2017-05-24T20:20:40.343Z,completed,completed normal,0.0,-10.862431542759033,435477.7777777778,-13500.0,63.65539780024238,2.170501205517496,435478.11853431945,63.65273369756666,,,,53627.846839027006
LHS Autogenerated 180,35ff4879-33b1-424e-a0ea-19f4ac2804bc,2017-05-24T20:18:40.246Z,2017-05-24T20:20:29.700Z,completed,completed normal,0.0,-10.779973477806411,435375.0,-13397.22222222219,63.66487597144552,2.1610230343143613,435375.4533639889,63.668655470701495,,,,53627.846839027006
LHS Autogenerated 192,389c3309-506f-49b2-a281-472cf2397e61,2017-05-24T20:18:50.513Z,2017-05-24T20:20:42.185Z,completed,completed normal,0.0,-8.02171967326277,431941.6666666667,-9963.888888888876,64.18617538761784,1.6397236181420425,431942.4650595333,64.18372658688034,,,,53627.846839027006
LHS Autogenerated 132,39976e5a-42b0-43cb-b647-f2ae311c3509,2017-05-24T20:13:41.298Z,2017-05-24T20:16:21.992Z,completed,completed normal,0.0,-8.691157296073067,432780.55555555556,-10802.777777777752,64.05348099077398,1.7724180149859023,432779.23595910554,64.0572499145614,,,,53627.846839027006
LHS Autogenerated 176,3d90e751-e78d-4e3a-88ca-59cac2204630,2017-05-24T20:16:22.008Z,2017-05-24T20:19:03.465Z,completed,completed normal,0.0,-7.8607649269230295,431744.44444444444,-9766.666666666628,64.21460990122723,1.611289104532645,431744.5235775778,64.2147779932667,,,,53627.846839027006
LHS Autogenerated 133,3e76e2b5-1bba-466c-9222-1d5ef05014b6,2017-05-24T20:15:46.763Z,2017-05-24T20:18:08.413Z,completed,completed normal,0.0,-9.017559786301176,433183.3333333333,-11205.555555555504,63.99661196355517,1.8292870422047116,433183.95296162507,63.99594847553389,,,,53627.846839027006
LHS Autogenerated 182,40b361b7-dc94-483c-ab6b-107cba148205,2017-05-24T20:18:41.099Z,2017-05-24T20:20:30.239Z,completed,completed normal,0.0,-12.14171272237556,437069.44444444444,-15091.666666666628,63.418443520164054,2.4074554855958255,437069.90741912776,63.419107894707125,,,,53627.846839027006
LHS Autogenerated 169,414dd97a-ab23-4b2b-b94b-f930ac7ed10c,2017-05-24T20:16:17.018Z,2017-05-24T20:18:51.631Z,completed,completed normal,0.0,-9.106489631723248,433294.44444444444,-11316.666666666628,63.97765562114891,1.8482433846109672,433294.51908504445,63.978907383779976,,,,53627.846839027006
LHS Autogenerated 140,453dc6e8-4506-4a27-a5aa-346abedd54cc,2017-05-24T20:16:05.799Z,2017-05-24T20:18:40.535Z,completed,completed normal,0.0,-8.194824012962293,432161.1111111111,-10183.333333333314,64.14826270280531,1.6776363029545678,432159.8864351055,64.15117972689683,,,,53627.846839027006
LHS Autogenerated 187,48fdfde2-1c6b-4665-b771-892a06af734a,2017-05-24T20:18:43.189Z,2017-05-24T20:20:32.020Z,completed,completed normal,0.0,-12.241234838264326,437191.6666666667,-15213.888888888876,63.39948717775779,2.426411828002088,437192.7453077945,63.40114068073175,,,,53627.846839027006
LHS Autogenerated 145,51044d0a-6119-427b-8f67-f98f2afb4cff,2017-05-24T20:16:07.703Z,2017-05-24T20:18:42.315Z,completed,completed normal,0.0,-11.399082795705185,436147.2222222222,-14169.44444444438,63.55113791700792,2.2747610887519585,436146.98831778334,63.555000869551975,,,,53627.846839027006
LHS Autogenerated 162,51a28aa0-d07b-47ef-b378-f315bb86edae,2017-05-24T20:16:15.636Z,2017-05-24T20:18:51.692Z,completed,completed normal,0.0,-11.525082363183435,436300.0,-14322.22222222219,63.53218157460166,2.293717431158221,436301.303987125,63.53197947842877,,,,53627.846839027006
LHS Autogenerated 154,54a50ca6-08fe-44d5-9490-36d8c44d77e7,2017-05-24T20:16:13.375Z,2017-05-24T20:18:57.592Z,completed,completed normal,0.0,-13.89106482711816,439241.6666666667,-17263.888888888876,63.115142041663795,2.7107569640960847,439242.2613048695,63.11276421621145,,,,53627.846839027006
LHS Autogenerated 150,56aa8742-8039-4e3e-a2c3-54aa129ec8c6,2017-05-24T20:16:09.831Z,2017-05-24T20:18:54.136Z,completed,completed normal,0.0,-6.509141118716759,430063.8888888889,-8086.111111111066,64.47999869491497,1.345900310844911,430063.17508389725,64.4778800328892,,,,53627.846839027006
LHS Autogenerated 136,666ff229-9725-4b09-838b-8d58fb3da854,2017-05-24T20:16:03.701Z,2017-05-24T20:18:41.890Z,completed,completed normal,0.0,-9.81499407143171,434175.0,-12197.22222222219,63.844961224305045,1.9809377814548341,434175.588613725,63.84609825504804,,,,53627.846839027006
LHS Autogenerated 141,66e43c9c-6d84-4ff6-80fe-f91679673c9e,2017-05-24T20:16:05.971Z,2017-05-24T20:18:41.264Z,completed,completed normal,0.0,-9.267909766869696,433494.44444444444,-11516.666666666628,63.94922110753951,1.8766778982203718,433495.7974449306,63.948907603416316,,,,53627.846839027006
LHS Autogenerated 189,6a9996a8-48a1-4bcc-9688-20c4c51f4ad1,2017-05-24T20:18:43.845Z,2017-05-24T20:20:32.355Z,completed,completed normal,0.0,-9.577150714226455,433880.55555555556,-11902.777777777752,63.89235208032071,1.9335469254391668,433879.66012884723,63.89080953942493,,,,53627.846839027006
LHS Autogenerated 146,6be5ef89-ebc9-4cbb-8666-cb4451492506,2017-05-24T20:16:08.287Z,2017-05-24T20:18:43.231Z,completed,completed normal,0.0,-13.675747576221443,438975.0,-16997.22222222219,63.15305472647631,2.6728442792835665,438974.0494179583,63.15068290767281,,,,53627.846839027006
LHS Autogenerated 121,6e8f9070-b76b-4bc2-8b4c-f431a43f1749,2017-05-24T20:13:35.632Z,2017-05-24T20:16:19.031Z,completed,completed normal,0.0,-9.87855351739828,434255.55555555556,-12277.777777777752,63.83548305310191,1.990415952657969,434255.0150507778,63.83423151706548,,,,53627.846839027006
LHS Autogenerated 165,7ee845f4-8048-42e9-836c-ea60950b1d0a,2017-05-24T20:16:15.901Z,2017-05-24T20:19:00.920Z,completed,completed normal,0.0,-9.945724433836808,434338.8888888889,-12361.111111111066,63.82600488189878,1.9998941238610968,434338.50177625834,63.821514999966716,,,,53627.846839027006
LHS Autogenerated 199,834dbfe8-52d7-40c7-a94b-b4b3e2a02c4d,2017-05-24T20:18:53.127Z,2017-05-24T20:20:41.025Z,completed,completed normal,0.0,-12.653291195452004,437708.3333333333,-15730.555555555504,63.33313997933585,2.4927590264240322,437708.1149556417,63.32894975732152,,,,53627.846839027006
LHS Autogenerated 200,88edff05-b839-4eb3-b5d1-1f61bc1c99ab,2017-05-24T20:18:53.132Z,2017-05-24T20:20:40.965Z,completed,completed normal,0.0,-9.670827849639544,433994.44444444444,-12016.666666666628,63.87339573791445,1.9525032678454295,433995.5812728806,63.87308171612197,,,,53627.846839027006
LHS Autogenerated 195,89c1fa2e-930d-4dd3-bd30-d2233fc7234a,2017-05-24T20:18:51.707Z,2017-05-24T20:20:38.852Z,completed,completed normal,0.0,-11.107205668654595,435783.3333333333,-13805.555555555504,63.608006944226716,2.2178920615331634,435783.82343894447,63.60870678862658,,,,53627.846839027006
LHS Autogenerated 134,8cb8cf6c-5301-4d1c-aac5-3d607cb49685,2017-05-24T20:15:54.633Z,2017-05-24T20:18:28.304Z,completed,completed normal,0.0,-9.615280642766386,433927.7777777778,-11950.0,63.882873909117585,1.9430250966422946,433927.27603761666,63.88331051437299,,,,53627.846839027006
LHS Autogenerated 188,8ce8b93a-43db-4ff6-9061-085b4f49958a,2017-05-24T20:18:43.246Z,2017-05-24T20:20:33.394Z,completed,completed normal,0.0,-10.562634175678028,435105.55555555556,-13127.777777777752,63.71226682746118,2.113632178298701,435106.8953118889,63.70828399431584,,,,53627.846839027006
LHS Autogenerated 160,8dd0db11-1bd7-471f-aaa2-124a5ae2c23b,2017-05-24T20:16:14.797Z,2017-05-24T20:18:52.118Z,completed,completed normal,0.0,-14.338476797955106,439800.0,-17822.22222222219,63.03931667203873,2.7865823337211495,439800.3911614194,63.035943072621066,,,,53627.846839027006
LHS Autogenerated 129,96b687aa-c3af-430c-8a54-e9168b7586e8,2017-05-24T20:13:37.426Z,2017-05-24T20:16:18.574Z,completed,completed normal,0.0,-7.250038658014262,430986.1111111111,-9008.333333333314,64.32834795566485,1.4975510500950264,430985.86054648616,64.33275137788031,,,,53627.846839027006
LHS Autogenerated 186,9e6a2d65-0362-4265-aca0-306a07050879,2017-05-24T20:18:42.329Z,2017-05-24T20:20:33.116Z,completed,completed normal,0.0,-11.174174467165589,435866.6666666667,-13888.888888888876,63.59852877302358,2.2273702327362983,435867.1306963945,63.59645154807425,,,,53627.846839027006
LHS Autogenerated 198,9eae1876-7141-47c5-93c4-07ea8c2aee12,2017-05-24T20:18:52.743Z,2017-05-24T20:20:42.131Z,completed,completed normal,0.0,-11.324227998771253,436052.7777777778,-14075.0,63.57009425941418,2.255804746345703,436053.57822834444,63.568369568009956,,,,53627.846839027006
LHS Autogenerated 142,9f5c0bb8-19d2-421c-b1c9-b7a0240db0aa,2017-05-24T20:16:06.479Z,2017-05-24T20:18:40.232Z,completed,completed normal,0.0,-8.098441644043971,432038.8888888889,-10061.111111111066,64.16721904521157,1.6586799605483122,432038.62214619166,64.16960913997646,,,,53627.846839027006
LHS Autogenerated 139,a3d107df-3b21-4005-98d8-58a1759e4f7e,2017-05-24T20:16:05.675Z,2017-05-24T20:18:38.641Z,completed,completed normal,0.0,-10.726459403827771,435311.1111111111,-13333.333333333314,63.67435414264866,2.1515448631112193,435310.5050460584,63.678386606635684,,,,53627.846839027006
LHS Autogenerated 185,a43dcfd4-ad3f-4dc0-9055-fcf91b0f56d0,2017-05-24T20:18:41.929Z,2017-05-24T20:20:33.303Z,completed,completed normal,0.0,-7.174437053304972,430891.6666666667,-8913.888888888876,64.34730429807111,1.4785947076887709,430892.8763421139,64.34723811746102,,,,53627.846839027006
LHS Autogenerated 193,a7a579ff-11f9-4e66-a228-ac9f827c70c2,2017-05-24T20:18:51.619Z,2017-05-24T20:20:39.521Z,completed,completed normal,0.0,-10.391904165537742,434894.44444444444,-12916.666666666628,63.74070134107058,2.0851976646892965,434893.865403275,63.73950982263402,,,,53627.846839027006
LHS Autogenerated 135,a89e4d77-b6fa-4245-9c2a-ebf448902fa5,2017-05-24T20:16:02.518Z,2017-05-24T20:18:43.833Z,completed,completed normal,0.0,-8.761140972645897,432866.6666666667,-10888.888888888876,64.04400281957084,1.7818961861890443,432865.8849737195,64.04344518415417,,,,53627.846839027006
LHS Autogenerated 164,a9d884f3-059f-40f3-89c3-293fbee6ac5b,2017-05-24T20:16:15.896Z,2017-05-24T20:18:53.119Z,completed,completed normal,0.0,-6.278683359237799,429777.7777777778,-7800.0,64.52738955093064,1.2985094548292437,429777.1328424417,64.5227005532461,,,,53627.846839027006
LHS Autogenerated 151,aa2c1102-5fe7-411e-9257-533635745fb5,2017-05-24T20:16:10.599Z,2017-05-24T20:18:49.627Z,completed,completed normal,0.0,-12.015968610892438,436913.8888888889,-14936.111111111066,63.44687803377346,2.379020971986421,436913.44358845556,63.442494178730605,,,,53627.846839027006
LHS Autogenerated 174,b2a26051-7c4f-4314-a06c-eb3bcc18a9a1,2017-05-24T20:16:19.043Z,2017-05-24T20:19:02.225Z,completed,completed normal,0.0,-12.471529578475488,437480.5555555556,-15502.77777777781,63.36157449294525,2.4643245128146276,437479.8078454472,63.36029695276892,,,,53627.846839027006
LHS Autogenerated 126,b8f562ff-67d1-40f5-8401-07ceadef6b81,2017-05-24T20:13:36.393Z,2017-05-24T20:16:19.327Z,completed,completed normal,0.0,-11.000834810669788,435650.0,-13672.22222222219,63.62696328663297,2.198935719126908,435650.9572821639,63.62798940738035,,,,53627.846839027006
LHS Autogenerated 143,bc3fa1bf-d0cf-43fe-a1f3-57e41732a2f7,2017-05-24T20:16:07.216Z,2017-05-24T20:18:47.548Z,completed,completed normal,0.0,-7.670930694968474,431508.3333333333,-9530.555555555504,64.25252258603977,1.5733764197201054,431509.20283181116,64.25242524717402,,,,53627.846839027006
LHS Autogenerated 159,bcba0f54-8925-4465-b42a-b6ca1fe74cb3,2017-05-24T20:16:14.683Z,2017-05-24T20:18:58.550Z,completed,completed normal,0.0,-9.333252827411442,433577.7777777778,-11600.0,63.93974293633637,1.8861560694235067,433577.03976369725,63.93664647046503,,,,53627.846839027006
LHS Autogenerated 175,bd026b7d-fca4-4d38-b24e-5f70524a63e0,2017-05-24T20:16:19.338Z,2017-05-24T20:18:54.120Z,completed,completed normal,0.0,-8.429775257008874,432455.55555555556,-10477.777777777752,64.11035001799277,1.7155489877671073,432454.36697505554,64.10666378945773,,,,53627.846839027006
LHS Autogenerated 137,bf8315e8-122a-487c-a123-0db23b00d067,2017-05-24T20:16:04.994Z,2017-05-24T20:18:41.082Z,completed,completed normal,0.0,-11.340905754998078,436075.0,-14097.22222222219,63.56061608821105,2.2652829175488307,436074.2389347306,63.56525647935986,,,,53627.846839027006
LHS Autogenerated 173,c22c1431-1061-4b1c-b6dd-791acc847350,2017-05-24T20:16:18.584Z,2017-05-24T20:18:52.729Z,completed,completed normal,0.0,-6.680450319570552,430277.7777777778,-8300.0,64.44208601010243,1.3838129956574505,430277.3497106694,64.44415289971268,,,,53627.846839027006
LHS Autogenerated 161,c25cbc80-4870-4014-94c4-908321ac90f7,2017-05-24T20:16:15.517Z,2017-05-24T20:18:59.827Z,completed,completed normal,0.0,-11.764643790679893,436600.0,-14622.22222222219,63.484790718586,2.3411082871738813,436599.6827206222,63.48782043179223,,,,53627.846839027006
LHS Autogenerated 183,c6d74f5c-a205-4c9d-a41c-98a673aea50a,2017-05-24T20:18:41.279Z,2017-05-24T20:20:30.677Z,completed,completed normal,0.0,-6.211788245837347,429694.44444444444,-7716.666666666628,64.53686772213376,1.289031283626116,429693.63832224446,64.53562899037681,,,,53627.846839027006
LHS Autogenerated 155,cc4422eb-5b91-4c62-927c-40aaea4abbfc,2017-05-24T20:16:13.940Z,2017-05-24T20:18:59.676Z,completed,completed normal,0.0,-13.108382691692361,438269.44444444444,-16291.666666666628,63.24783643850767,2.5780625672522106,438270.26775856107,63.2487621726454,,,,53627.846839027006
LHS Autogenerated 153,d00b6d33-6d9e-497c-95c9-584ee86f985e,2017-05-24T20:16:12.483Z,2017-05-24T20:18:57.703Z,completed,completed normal,0.0,-7.349179587218739,431111.1111111111,-9133.333333333314,64.30939161325857,1.5165073925013104,431110.29382532224,64.31300366102887,,,,53627.846839027006
LHS Autogenerated 123,d04abc69-e2d1-4646-97be-ccd4ac2418d9,2017-05-24T20:13:36.001Z,2017-05-24T20:16:18.367Z,completed,completed normal,0.0,-13.508852690000666,438766.6666666667,-16788.888888888876,63.181489240085725,2.6444097656741548,438767.50136328617,63.17966147949352,,,,53627.846839027006
LHS Autogenerated 170,d137b6c4-6091-433b-9aef-f4d6c8f0d534,2017-05-24T20:16:17.186Z,2017-05-24T20:18:53.478Z,completed,completed normal,0.0,-10.420460389634744,434930.55555555556,-12952.777777777752,63.73122316986744,2.0946758358924384,434929.33858455834,63.734339742276234,,,,53627.846839027006
LHS Autogenerated 152,d36b33ee-0026-4060-8e59-cd4ac5d9f948,2017-05-24T20:16:11.138Z,2017-05-24T20:18:53.928Z,completed,completed normal,0.0,-7.929147902486873,431827.7777777778,-9850.0,64.2051317300241,1.6207672757357727,431826.9170188417,64.20191594158828,,,,53627.846839027006
LHS Autogenerated 184,d44e1044-da90-49fa-b3f6-1b028a077e9e,2017-05-24T20:18:41.909Z,2017-05-24T20:20:32.101Z,completed,completed normal,0.0,-8.528203892050811,432577.7777777778,-10600.0,64.09139367558652,1.7345053301733628,432576.9453622167,64.0882004792153,,,,53627.846839027006
LHS Autogenerated 138,d8643001-5cfc-4703-bd78-cc0882ee4b24,2017-05-24T20:16:05.151Z,2017-05-24T20:18:41.913Z,completed,completed normal,0.0,-7.545188158291155,431355.55555555556,-9377.777777777752,64.28095709964917,1.544941906110708,431354.3007849083,64.27696293454451,,,,53627.846839027006
LHS Autogenerated 147,d921bcdb-df5e-4100-96d2-c7f30e343bdb,2017-05-24T20:16:08.518Z,2017-05-24T20:18:50.496Z,completed,completed normal,0.0,-10.587533826300088,435138.8888888889,-13161.111111111066,63.70278865625804,2.123110349501836,435137.9008380584,63.70400976223723,,,,53627.846839027006
LHS Autogenerated 179,debfc05a-6900-452c-bede-87971dbebad3,2017-05-24T20:18:38.654Z,2017-05-24T20:20:27.394Z,completed,completed normal,0.0,-10.92768719392317,435558.3333333333,-13580.555555555504,63.63644145783612,2.189457547923759,435559.43092899997,63.64104968289636,,,,53627.846839027006
LHS Autogenerated 149,e110181e-583b-4445-948f-205d8e55b165,2017-05-24T20:16:09.757Z,2017-05-24T20:18:51.989Z,completed,completed normal,0.0,-11.690099743484826,436508.3333333333,-14530.555555555504,63.503747060992254,2.3221519447676258,436507.53976756387,63.502079573061984,,,,53627.846839027006
LHS Autogenerated 177,ead3c084-eca5-48be-bd23-3f1ae6ebc161,2017-05-24T20:18:08.433Z,2017-05-24T20:20:01.105Z,completed,completed normal,0.0,-11.208948276375718,435911.1111111111,-13933.333333333314,63.58905060182045,2.236848403939426,435910.4850723084,63.59008898479068,,,,53627.846839027006
LHS Autogenerated 156,ee179dcb-21c9-47fc-855c-16427fb7f7fd,2017-05-24T20:16:14.187Z,2017-05-24T20:18:51.604Z,completed,completed normal,0.0,-8.663264198483066,432744.44444444444,-10766.666666666628,64.0629591619771,1.7629398437827746,432744.4869086056,64.06219677925775,,,,53627.846839027006
LHS Autogenerated 163,efd8df93-e47e-401b-932b-45b2177a221e,2017-05-24T20:16:15.892Z,2017-05-24T20:18:59.956Z,completed,completed normal,0.0,-5.969602173194095,429391.6666666667,-7413.888888888876,64.58425857814943,1.2416404276104487,429391.763847175,64.5825725950277,,,,53627.846839027006
LHS Autogenerated 158,f0ed3f20-d04c-4af1-808e-480a885d2b03,2017-05-24T20:16:14.681Z,2017-05-24T20:18:58.498Z,completed,completed normal,0.0,-9.463234349102256,433738.8888888889,-11761.111111111066,63.91130842272699,1.91459058303289,433739.37331881665,63.911861960161566,,,,53627.846839027006
LHS Autogenerated 167,f567cb28-5ccf-4e0f-aa12-0c330d42b7a4,2017-05-24T20:16:16.980Z,2017-05-24T20:19:01.461Z,completed,completed normal,0.0,-8.369569140856958,432377.7777777778,-10400.0,64.11982818919591,1.7060708165639653,432379.0768925527,64.11816807105558,,,,53627.846839027006
LHS Autogenerated 194,ff071449-c4f9-42cb-bfcc-9dd6d15608f0,2017-05-24T20:18:51.646Z,2017-05-24T20:20:39.304Z,completed,completed normal,0.0,-7.070216453377881,430763.8888888889,-8786.111111111066,64.36626064047738,1.4596383652825011,430762.7978930417,64.36737294272857,,,,53627.846839027006
