reduceelectricequipmentloadsbypercentage.elecequip_power_reduction_percent,reducelightingloadsbypercentage.lighting_power_reduction_percent,CompareBaseline.total_electric,CompareBaseline.total_electric_savings,CompareBaseline.total_gas,CompareBaseline.total_gas_savings
10.09140675,8.994147403,385477.7778,36500,71.33271647,-5.506817469
11.06406611,11.47778635,379994.4444,41983.33333,72.45114068,-6.625241671
11.25418869,12.02607571,378844.4444,43133.33333,72.69757313,-6.871674122
8.468775166,9.674873922,388691.6667,33286.11111,70.93463328,-5.108734278
10.85978924,10.49931199,381716.6667,40261.11111,72.07201383,-6.246114823
8.15707809,11.28006294,387513.8889,34463.88889,71.28532562,-5.459426613
13.98529861,9.53951727,375063.8889,46913.88889,73.01035278,-7.184453772
14.01722054,6.271158067,378986.1111,42991.66667,72.00566663,-6.179767624
9.261479964,10.15421396,386136.1111,35841.66667,71.37062916,-5.544730154
8.438980118,6.826170425,392272.2222,29705.55556,70.11951056,-4.293611555
8.764401213,10.02148498,387533.3333,34444.44444,71.14315305,-5.317254045
10.31594333,10.07448153,383588.8889,38388.88889,71.73079967,-5.90490066
9.122682292,13.00337844,382991.6667,38986.11111,72.16679554,-6.340896535
7.529807785,9.431769019,391355.5556,30622.22222,70.52707192,-4.701172917
7.945721615,10.91589254,388480.5556,33497.22222,71.09576219,-5.269863189
9.4302508,7.859920813,388508.3333,33469.44444,70.7640262,-4.938127197
12.10013684,11.62965171,377213.8889,44763.88889,72.91557107,-7.08967206
6.287658308,11.23096091,392263.8889,29713.88889,70.60289729,-4.776998286
13.70842535,11.12784175,373811.1111,48166.66667,73.40843597,-7.582536963
7.711255203,10.7001716,389333.3333,32644.44444,70.95358963,-5.127690621
9.446383,5.865593747,390922.2222,31055.55556,70.2048141,-4.378915096
8.645008308,14.1969227,382725,39252.77778,72.35635896,-6.530459959
13.24903722,13.57154121,371963.8889,50013.88889,74.0245171,-8.198618091
8.545185799,8.613941529,389802.7778,32175,70.65028815,-4.824389142
9.200746806,11.9068865,384136.1111,37841.66667,71.86349406,-6.037595056
5.4091334,6.915257738,399772.2222,22205.55556,69.12430258,-3.298403579
6.72252548,10.30309662,392305.5556,29672.22222,70.48915924,-4.663260232
10.6370077,8.477209976,384744.4444,37233.33333,71.3895855,-5.563686496
8.057210342,11.37034417,387655.5556,34322.22222,71.27584745,-5.449948442
10.38770856,9.909423728,383611.1111,38366.66667,71.71184332,-5.885944317
8.170985085,10.59421396,388313.8889,33663.88889,71.08628402,-5.260385018
7.207009781,9.914085984,391572.2222,30405.55556,70.55550644,-4.72960743
9.558495165,12.76416369,382197.2222,39780.55556,72.27105542,-6.445156418
9.620242362,5.961892511,390366.6667,31611.11111,70.29959581,-4.473696808
6.988710816,10.29061782,391658.3333,30319.44444,70.58394095,-4.758041944
9.92178683,7.288403087,387980.5556,33997.22222,70.77350437,-4.947605368
13.83690223,13.34264522,370780.5556,51197.22222,74.19512418,-8.369225172
8.799252368,12.6717384,384205.5556,37772.22222,71.9487976,-6.122898597
9.587192926,7.593485635,388444.4444,33533.33333,70.74506986,-4.919170854
11.5063836,12.58650369,377525,44452.77778,72.98191826,-7.156019258
12.29273418,9.209588475,379700,42277.77778,72.23314274,-6.407243733
8.892884387,11.8928866,384927.7778,37050,71.74027784,-5.914378831
8.74046323,11.5354443,385744.4444,36233.33333,71.57914893,-5.75324992
6.740697849,10.18481656,392405.5556,29572.22222,70.46072472,-4.634825718
9.8002366,6.747173725,388947.2222,33030.55556,70.58394095,-4.758041944
14.25173548,8.984301696,375080.5556,46897.22222,72.94400558,-7.118106574
11.36102433,8.063656957,383436.1111,38541.66667,71.53175807,-5.705859064
10.75990578,13.04235198,378836.1111,43141.66667,72.82078935,-6.994890348
9.362007501,11.16400372,384644.4444,37333.33333,71.70236515,-5.876466146
13.06760959,10.1916273,376558.3333,45419.44444,72.84922387,-7.023324862
8.554160146,11.57511222,386158.3333,35819.44444,71.5222799,-5.696380893
7.374577136,9.761797087,391341.6667,30636.11111,70.56498461,-4.739085602
11.17785945,6.141922438,386250,35727.77778,70.8967206,-5.070821594
6.515103016,13.89355087,388419.4444,33558.33333,71.44645453,-5.620555523
10.06254195,10.96327347,383133.3333,38844.44444,71.91088492,-6.084985912
8.462749923,8.735000658,389861.1111,32116.66667,70.65976632,-4.833867314
12.31355119,12.01161406,376219.4444,45758.33333,73.12409083,-7.298191826
9.526182526,12.96673983,382030.5556,39947.22222,72.31844628,-6.492547274
8.81079871,9.257732042,388347.2222,33630.55556,70.94411146,-5.11821245
8.965326224,11.50684642,385216.6667,36761.11111,71.6549743,-5.82907529
11.60666623,10.80865096,379452.7778,42525,72.46061885,-6.634719842
9.884236737,9.884344045,384908.3333,37069.44444,71.51280173,-5.686902722
13.48393411,7.108467405,379294.4444,42683.33333,72.05305749,-6.22715848
12.84270614,10.28077536,377013.8889,44963.88889,72.78287667,-6.956977663
9.026761719,7.681970377,389738.8889,32238.88889,70.56498461,-4.739085602
5.845634578,7.830320481,397552.7778,24425,69.5129076,-3.687008598
9.301426706,6.541163268,390452.7778,31525,70.34698667,-4.521087664
11.31597337,7.726706118,383963.8889,38013.88889,71.41802002,-5.59212101
11.19892759,9.870558147,381633.3333,40344.44444,72.0151448,-6.189245796
11.90857995,9.177450572,380702.7778,41275,72.07201383,-6.246114823
8.394474304,7.070807258,392083.3333,29894.44444,70.17637959,-4.350480582
10.80880147,9.637808552,382894.4444,39083.33333,71.78766869,-5.961769687
11.61012858,8.631991459,382125,39852.77778,71.79714686,-5.971247858
9.924571186,10.86309866,383602.7778,38375,71.82558138,-5.999682372
10.5089468,5.197084773,389072.2222,32905.55556,70.39437753,-4.56847852
13.28470612,13.5327294,371925,50052.77778,74.0245171,-8.198618091
10.40651595,13.43913259,379236.1111,42741.66667,72.81131118,-6.985412177
8.679338288,8.434515131,389686.1111,32291.66667,70.65976632,-4.833867314
9.047215332,10.84665119,385822.2222,36155.55556,71.48436721,-5.658468208
12.96736137,9.054710712,378202.7778,43775,72.45114068,-6.625241671
7.090237455,10.31916213,391366.6667,30611.11111,70.62185363,-4.795954629
10.56855686,7.153231666,386536.1111,35441.66667,70.97254597,-5.146646963
13.55512179,9.552515694,376122.2222,45855.55556,72.8397457,-7.01384669
12.76762304,7.946397354,380063.8889,41913.88889,72.03410114,-6.208202138
8.757031608,6.644908186,391688.8889,30288.88889,70.17637959,-4.350480582
8.700267738,12.17152433,385069.4444,36908.33333,71.74975601,-5.923857002
10.37663195,10.74435963,382625,39352.77778,71.96775395,-6.14185494
9.415054971,9.652280746,386366.6667,35611.11111,71.27584745,-5.449948442
10.62243524,10.64485161,382133.3333,39844.44444,72.02462297,-6.198723967
7.411517879,8.537843102,392744.4444,29233.33333,70.23324862,-4.407349609
6.106017427,11.39890465,392508.3333,29469.44444,70.58394095,-4.758041944
11.79932572,13.8566105,375247.2222,46730.55556,73.51269585,-7.686796846
9.732893636,11.24999029,383608.3333,38369.44444,71.87297223,-6.047073228
7.629445903,8.708007946,391988.8889,29988.88889,70.35646484,-4.530565835
12.13333765,9.56062832,379669.4444,42308.33333,72.2805336,-6.454634589
8.342889059,7.136198301,392130.5556,29847.22222,70.17637959,-4.350480582
9.980068246,10.45901893,383958.3333,38019.44444,71.72132149,-5.895422488
9.770774262,8.55919719,386805.5556,35172.22222,71.08628402,-5.260385018
9.597280038,9.079300474,386608.3333,35369.44444,71.17158756,-5.345688559
10.45212219,7.365391807,386569.4444,35408.33333,70.99150231,-5.165603306
8.906960119,13.09594227,383413.8889,38563.88889,72.11940468,-6.293505679
10.25721343,10.86124279,382775,39202.77778,71.9487976,-6.122898597
6.944169087,6.704295659,396169.4444,25808.33333,69.56977663,-3.743877625
11.11520623,8.168507972,383925,38052.77778,71.47488904,-5.648990037
6.443781746,10.35147386,392944.4444,29033.33333,70.4038557,-4.577956691
7.486979143,14.2706459,385527.7778,36450,71.93931943,-6.113420426
9.333657863,7.772103388,388858.3333,33119.44444,70.70715718,-4.88125817
10.6996371,9.854493668,382897.2222,39080.55556,71.81610321,-5.9902042
10.87432438,8.234790449,384447.2222,37530.55556,71.39906367,-5.573164667
9.753102546,11.26720395,383536.1111,38441.66667,71.8824504,-6.056551399
7.724842904,10.08027251,390061.1111,31916.66667,70.78298254,-4.957083539
9.275681007,9.621324119,386744.4444,35233.33333,71.20950025,-5.383601243
10.95737178,12.82749909,378605.5556,43372.22222,72.8397457,-7.01384669
12.5211859,6.191689701,382833.3333,39144.44444,71.41802002,-5.59212101
12.65179167,7.620492839,380752.7778,41225,71.89192858,-6.06602957
9.849001259,11.55773839,382936.1111,39041.66667,72.00566663,-6.179767624
6.621154371,12.29496333,390116.6667,31861.11111,71.01993683,-5.194037819
10.46829846,10.20595659,383044.4444,38933.33333,71.83505955,-6.009160543
9.082367014,10.42167618,386255.5556,35722.22222,71.37062916,-5.544730154
10.67852983,10.56422916,382091.6667,39886.11111,72.02462297,-6.198723967
9.135305028,10.14810097,386455.5556,35522.22222,71.31376013,-5.487861127
9.711567338,10.78842547,384227.7778,37750,71.72132149,-5.895422488
11.58425457,12.8061596,377061.1111,44916.66667,73.07669998,-7.25080097
7.449201397,11.19654853,389383.3333,32594.44444,71.00098048,-5.175081477
11.2858157,11.98765139,378813.8889,43163.88889,72.69757313,-6.871674122
7.154005064,12.89270677,388047.2222,33930.55556,71.3895855,-5.563686496
11.04883054,10.66127672,381036.1111,40941.66667,72.19523005,-6.369331049
9.472866454,12.23167662,383055.5556,38922.22222,72.07201383,-6.246114823
8.839915274,13.98050091,382500,39477.77778,72.36583714,-6.53993813
9.246931437,11.79594525,384155.5556,37822.22222,71.84453772,-6.018638714
7.756033536,8.043766026,392488.8889,29488.88889,70.21429227,-4.388393267
13.33070586,11.00678715,374905.5556,47072.22222,73.21887254,-7.392973538
12.67219323,10.9777211,376588.8889,45388.88889,72.94400558,-7.118106574
12.57014307,10.52829615,377391.6667,44586.11111,72.75444216,-6.928543149
10.72199525,10.44596115,382127.7778,39850,72.00566663,-6.179767624
9.175503854,11.60122833,384577.7778,37400,71.76871235,-5.942813344
6.249658648,9.633226983,394316.6667,27661.11111,70.1384669,-4.312567897
7.772457421,8.351374602,392069.4444,29908.33333,70.30907398,-4.483174979
10.08259179,13.26230312,380266.6667,41711.11111,72.62174776,-6.795848753
7.111425236,8.956191171,392986.1111,28991.66667,70.25220496,-4.426305952
7.257613539,7.410870745,394519.4444,27458.33333,69.87307811,-4.047179104
13.05105841,12.75549683,373463.8889,48513.88889,73.66434659,-7.838447585
12.71143846,9.511265459,378280.5556,43697.22222,72.49853153,-6.672632527
11.30568541,11.10985045,379838.8889,42138.88889,72.43218433,-6.606285329
9.792719917,7.649698704,387866.6667,34111.11111,70.8303734,-5.004474395
13.40863436,13.27506061,371927.7778,50050,73.98660441,-8.160705406
8.720777913,9.704186902,388030.5556,33947.22222,71.03889317,-5.212994162
10.90996358,10.6109238,381450,40527.77778,72.12888286,-6.30298385
11.77792344,6.68201944,384088.8889,37888.88889,71.28532562,-5.459426613
9.717523682,9.834296666,385383.3333,36594.44444,71.43697636,-5.611077352
13.35370601,7.182457852,379527.7778,42450,72.02462297,-6.198723967
8.996649648,9.452256965,387650,34327.77778,71.05784951,-5.231950504
9.83216942,9.426498116,385597.2222,36380.55556,71.36115099,-5.535251983
6.158885723,9.689086821,394477.7778,27500,70.11951056,-4.293611555
9.625005931,12.64401505,382177.7778,39800,72.26157725,-6.435678247
7.796592656,13.13471161,386147.2222,35830.55556,71.70236515,-5.876466146
9.490269017,10.58155175,385038.8889,36938.88889,71.57914893,-5.75324992
12.43673313,7.805338086,381061.1111,40916.66667,71.86349406,-6.037595056
11.70286969,14.43097584,374786.1111,47191.66667,73.65486842,-7.828969414
13.1659175,13.46461713,372305.5556,49672.22222,73.94869173,-8.122792721
8.258332265,8.095992129,391163.8889,30813.88889,70.41333387,-4.587434862
7.468667529,10.12580863,390650,31327.77778,70.70715718,-4.88125817
10.43392163,12.04904228,380875,41102.77778,72.38479348,-6.558894473
7.872976304,11.49583258,387958.3333,34019.44444,71.24741293,-5.421513928
9.223557271,11.31691593,384805.5556,37172.22222,71.69288698,-5.866987975
12.34140256,13.74947043,374016.6667,47961.11111,73.70225928,-7.87636027
11.741033,11.35403593,378452.7778,43525,72.67861679,-6.85271778
10.92621129,8.814776529,383605.5556,38372.22222,71.5886271,-5.762728092
11.3583628,11.1519378,379655.5556,42322.22222,72.47009702,-6.644198013
9.063677556,11.29481951,385230.5556,36747.22222,71.62653978,-5.800640776
9.579636061,6.03840071,390375,31602.77778,70.29959581,-4.473696808
10.98016327,6.43635009,386383.3333,35594.44444,70.91567694,-5.089777936
5.684086422,12.42797181,392308.3333,29669.44444,70.72611352,-4.900214512
7.822446084,13.62236459,385483.3333,36494.44444,71.86349406,-6.037595056
14.40250375,12.35991814,370566.6667,51411.11111,74.10982064,-8.283921632
6.663102396,9.939576325,392900,29077.77778,70.36594301,-4.540044006
9.143910318,8.252998503,388744.4444,33233.33333,70.77350437,-4.947605368
13.13549636,8.58758957,378352.7778,43625,72.37531531,-6.549416301
12.23037691,11.76164938,376725,45252.77778,73.01035278,-7.184453772
8.238810713,10.3378454,388455.5556,33522.22222,71.03889317,-5.212994162
11.33688982,13.79310523,376469.4444,45508.33333,73.29469791,-7.468798908
10.20209043,14.32939573,378655.5556,43322.22222,73.01035278,-7.184453772
13.80238587,8.425764146,376888.8889,45088.88889,72.59331324,-6.767414239
11.56914075,10.10393045,380413.8889,41563.88889,72.22366457,-6.397765562
12.53579983,11.84484916,375869.4444,46108.33333,73.16200352,-7.336104511
12.37003346,8.829861092,379975,42002.77778,72.1478392,-6.321940192
9.759978947,8.750183416,386608.3333,35369.44444,71.14315305,-5.317254045
9.907902867,9.10300175,385805.5556,36172.22222,71.29480379,-5.468904784
8.637986424,8.190702169,390091.6667,31886.11111,70.57446278,-4.748563773
8.195842627,11.73238432,386866.6667,35111.11111,71.43697636,-5.611077352
13.72884483,9.778681994,375413.8889,46563.88889,72.98191826,-7.156019258
13.01255281,6.492630496,381233.3333,40744.44444,71.68340881,-5.857509804
10.01274027,13.647396,379969.4444,42008.33333,72.71652947,-6.890630465
5.193626705,9.794349783,396766.6667,25211.11111,69.82568725,-3.999788248
10.27806348,11.0474362,382500,39477.77778,72.0151448,-6.189245796
11.7354092,12.6849583,376830.5556,45147.22222,73.10513449,-7.279235484
12.1964933,8.127779386,381272.2222,40705.55556,71.86349406,-6.037595056
10.21875656,6.364832572,388366.6667,33611.11111,70.62185363,-4.795954629
11.10742744,7.883688052,384294.4444,37683.33333,71.3895855,-5.563686496
10.04803782,7.496075949,387413.8889,34563.88889,70.87776426,-5.051865251
6.926698255,11.64870924,390141.6667,31836.11111,70.94411146,-5.11821245
9.16824772,9.607404327,387027.7778,34950,71.16210939,-5.336210387
10.48888198,8.029205075,385666.6667,36311.11111,71.20002208,-5.374123072
8.851163238,11.06329125,386047.2222,35930.55556,71.47488904,-5.648990037
6.877380974,6.843310659,396166.6667,25811.11111,69.58873297,-3.762833968
11.26909283,9.108983033,382391.6667,39586.11111,71.80662503,-5.980726029
10.51727938,12.55108451,380050,41927.77778,72.5743569,-6.748457897
12.76201591,12.31473198,374722.2222,47255.55556,73.3989578,-7.573058791
13.51240288,11.1216315,374308.3333,47669.44444,73.32313243,-7.497233422
10.17109579,8.507860495,385875,36102.77778,71.21897842,-5.393079415
11.8522344,8.356848639,381855.5556,40122.22222,71.80662503,-5.980726029
9.289446509,12.18363539,383575,38402.77778,71.98671029,-6.160811282
11.41488593,10.26081735,380611.1111,41366.66667,72.2141864,-6.388287391
10.99627249,10.23399887,381697.2222,40280.55556,72.04357932,-6.217680309
8.530328942,5.408764875,393783.3333,28194.44444,69.75934006,-3.933441049
10.61041569,8.893081501,384300,37677.77778,71.49384539,-5.667946379
9.89041506,10.17537275,384530.5556,37447.22222,71.60758344,-5.781684434
8.364013354,10.90247604,387458.3333,34519.44444,71.24741293,-5.421513928
10.74994962,11.45507525,380811.1111,41166.66667,72.32792445,-6.502025445
10.5972867,9.476890277,383616.6667,38361.11111,71.66445247,-5.838553461
7.025139163,7.30499254,395233.3333,26744.44444,69.75934006,-3.933441049
10.30119252,10.05301712,383652.7778,38325,71.72132149,-5.895422488
10.88122901,6.608213989,386422.2222,35555.55556,70.92515511,-5.099256107
12.17099049,10.94355443,377877.7778,44100,72.72600764,-6.900108636
8.618289898,11.68643015,385866.6667,36111.11111,71.57914893,-5.75324992
12.38051947,7.440494457,381655.5556,40322.22222,71.73079967,-5.90490066
9.668755506,14.77137406,379452.7778,42525,72.93452741,-7.108628402
12.98380353,13.17298659,373119.4444,48858.33333,73.77808465,-7.952185639
6.807546967,7.984612013,394944.4444,27033.33333,69.87307811,-4.047179104
8.869347501,9.722626193,387636.1111,34341.66667,71.09576219,-5.269863189
9.375951769,10.77377889,385091.6667,36886.11111,71.5886271,-5.762728092
8.294199313,10.50822732,388113.8889,33863.88889,71.10524037,-5.27934136
10.06897714,6.530508524,388538.8889,33438.88889,70.61237546,-4.786476458
7.551456415,9.522573025,391188.8889,30788.88889,70.56498461,-4.739085602
12.86106839,11.03078533,376047.2222,45930.55556,73.02930912,-7.203410114
12.93517698,11.74094205,374994.4444,46983.33333,73.28521974,-7.459320737
10.25322166,7.003472996,387505.5556,34472.22222,70.81141706,-4.985518053
10.1286948,9.797990406,384397.2222,37580.55556,71.57914893,-5.75324992
9.54782149,9.363493056,386386.1111,35591.66667,71.23793476,-5.412035757
6.586483989,9.03376624,394208.3333,27769.44444,70.09107605,-4.265177041
12.46275796,9.58827104,378808.3333,43169.44444,72.42270616,-6.596807157
7.674361182,10.47770933,389700,32277.77778,70.87776426,-5.051865251
9.510801311,9.890716688,385833.3333,36144.44444,71.38010733,-5.554208325
6.794928819,12.39532259,389552.7778,32425,71.11471854,-5.288819531
11.92881838,12.11903357,377041.6667,44936.11111,73.00087461,-7.174975601
12.70801506,8.846179314,379102.7778,42875,72.29001177,-6.464112761
11.44148054,9.314146613,381708.3333,40269.44444,71.93931943,-6.113420426
11.04110495,8.865386189,383255.5556,38722.22222,71.64549612,-5.819597119
9.871714198,13.71000313,380247.2222,41730.55556,72.68809496,-6.862195951
6.344810703,12.27136928,390836.1111,31141.66667,70.91567694,-5.089777936
10.78720142,11.34076281,380858.3333,41119.44444,72.29948994,-6.473590932
10.36184721,9.395246472,384305.5556,37672.22222,71.55071441,-5.724815407
8.663429581,6.108181095,392588.8889,29388.88889,69.99629434,-4.170395329
11.65400294,6.389932876,384761.1111,37216.66667,71.15263122,-5.326732216
7.52258931,12.8631184,387169.4444,34808.33333,71.51280173,-5.686902722
9.845750513,9.226968622,385808.3333,36169.44444,71.31376013,-5.487861127
8.125703151,10.77023732,388213.8889,33763.88889,71.12419671,-5.298297703
11.08669657,10.36418004,381308.3333,40669.44444,72.11940468,-6.293505679
8.094189502,9.739800432,389552.7778,32425,70.82089523,-4.994996224
10.74025443,10.24713094,382325,39652.77778,71.9487976,-6.122898597
9.095152957,12.53797568,383627.7778,38350,72.0151448,-6.189245796
8.49530625,8.275687913,390344.4444,31633.33333,70.54602826,-4.720129259
9.68886389,8.785102541,386736.1111,35241.66667,71.11471854,-5.288819531
11.39182806,7.472716723,384086.1111,37891.66667,71.37062916,-5.544730154
13.09626887,9.996781511,376727.7778,45250,72.80183301,-6.975934006
12.03661041,8.655074064,381025,40952.77778,71.96775395,-6.14185494
10.48403653,7.567610722,386244.4444,35733.33333,71.05784951,-5.231950504
9.943200408,8.589486741,386344.4444,35633.33333,71.16210939,-5.336210387
8.382663332,8.401818891,390472.2222,31505.55556,70.54602826,-4.720129259
11.02450668,10.43456648,381377.7778,40600,72.11940468,-6.293505679
9.321385009,10.71354646,385297.2222,36680.55556,71.55071441,-5.724815407
10.16495506,12.42392368,381091.6667,40886.11111,72.39427165,-6.568372644
11.98353353,9.18761099,380502.7778,41475,72.10992651,-6.284027508
7.852448411,9.021851065,391047.2222,30930.55556,70.52707192,-4.701172917
7.356659516,12.62594537,387866.6667,34111.11111,71.38010733,-5.554208325
11.67596395,8.321753232,382336.1111,39641.66667,71.72132149,-5.895422488
10.03558547,8.45678074,386277.7778,35700,71.15263122,-5.326732216
9.650809991,12.33527082,382494.4444,39483.33333,72.17627371,-6.350374706
7.652651063,9.253358107,391266.6667,30711.11111,70.52707192,-4.701172917
9.809484017,9.968932004,384991.6667,36986.11111,71.51280173,-5.686902722
8.040960661,13.41170394,385197.2222,36780.55556,71.8824504,-6.056551399
9.000303217,11.87160306,384683.3333,37294.44444,71.77819052,-5.952291516
7.840629331,9.958753661,389919.4444,32058.33333,70.79246072,-4.96656171
7.962016883,11.96748952,387161.1111,34816.66667,71.40854184,-5.582642839
14.70624442,10.67898419,371866.6667,50111.11111,73.68330293,-7.857403927
8.003552489,10.7385938,388552.7778,33425,71.06732768,-5.241428675
11.22138181,12.49256466,378355.5556,43622.22222,72.83026752,-7.004368519
9.700418009,9.148661108,386269.4444,35708.33333,71.23793476,-5.412035757
8.983692942,8.95011247,388288.8889,33688.88889,70.91567694,-5.089777936
10.77699084,13.32177989,378450,43527.77778,72.91557107,-7.08967206
6.855728443,10.54671573,391677.7778,30300,70.60289729,-4.776998286
6.190473802,14.03289663,389058.3333,32919.44444,71.36115099,-5.535251983
5.539469248,7.227392509,399058.3333,22919.44444,69.24751881,-3.421619804
11.45701991,10.63084652,380050,41927.77778,72.34688079,-6.520981788
8.419237631,7.74703978,391186.1111,30791.66667,70.37542118,-4.549522178
8.513089845,12.51219553,385116.6667,36861.11111,71.78766869,-5.961769687
8.576881377,10.69386637,387180.5556,34797.22222,71.26636928,-5.440470271
11.13320089,10.92319262,380505.5556,41472.22222,72.30896811,-6.483069103
12.06596749,9.295489487,380161.1111,41816.66667,72.16679554,-6.340896535
9.423876469,11.61281698,383938.8889,38038.88889,71.86349406,-6.037595056
9.34928611,10.03411061,386063.8889,35913.88889,71.36115099,-5.535251983
5.714334986,14.11850837,390152.7778,31825,71.21897842,-5.393079415
7.906828083,7.38054426,392922.2222,29055.55556,70.09107605,-4.265177041
8.319162162,10.38191429,388205.5556,33772.22222,71.07680585,-5.250906847
10.32662142,11.80115266,381450,40527.77778,72.26157725,-6.435678247
12.04587316,9.576453937,379866.6667,42111.11111,72.25209908,-6.426200076
8.93767449,7.534595857,390147.2222,31830.55556,70.49863741,-4.672738403
7.31732871,10.88167325,390100,31877.77778,70.86828609,-5.04238708
13.42999934,11.42865685,374138.8889,47838.88889,73.38947963,-7.56358062
7.14848208,9.467260803,392266.6667,29711.11111,70.4038557,-4.577956691
12.41568019,8.14686006,380697.2222,41280.55556,71.95827577,-6.132376768
5.94061998,8.766613024,396161.1111,25816.66667,69.79725274,-3.971353734
9.400165213,12.92788608,382394.4444,39583.33333,72.26157725,-6.435678247
12.27256047,10.04531603,378725,43252.77778,72.48905336,-6.663154356
10.55179719,11.70497292,381002.7778,40975,72.32792445,-6.502025445
14.3059743,9.754148204,374000,47977.77778,73.20939437,-7.383495367
11.49288971,11.03911626,379458.3333,42519.44444,72.48905336,-6.663154356
8.789107433,11.83057333,385261.1111,36716.66667,71.68340881,-5.857509804
9.968697536,7.626051298,387452.7778,34525,70.88724243,-5.061343422
10.34365004,10.33308286,383202.7778,38775,71.82558138,-5.999682372
11.89543343,9.319376321,380561.1111,41416.66667,72.10992651,-6.284027508
14.62550894,9.23719459,373833.3333,48144.44444,73.17148169,-7.345582682
5.899800239,9.380882959,395511.1111,26466.66667,69.94890348,-4.123004473
9.531699319,12.20552164,382944.4444,39033.33333,72.081492,-6.255592994
10.65274218,5.680573434,388122.2222,33855.55556,70.57446278,-4.748563773
10.10117906,11.94542634,381841.6667,40136.11111,72.22366457,-6.397765562
11.1470018,6.308840587,386127.7778,35850,70.94411146,-5.11821245
11.23979213,7.919440359,383919.4444,38058.33333,71.44645453,-5.620555523
7.222793575,10.82023429,390413.8889,31563.88889,70.81141706,-4.985518053
8.113444989,10.39830439,388697.2222,33280.55556,71.01045865,-5.184559648
11.95045679,5.752318408,384800,37177.77778,71.07680585,-5.250906847
10.57154388,5.888339123,388069.4444,33908.33333,70.60289729,-4.776998286
6.556186537,12.14148867,390466.6667,31511.11111,70.95358963,-5.127690621
13.90453474,11.66982573,372661.1111,49316.66667,73.66434659,-7.838447585
11.96328223,13.12752018,375727.7778,46250,73.34208877,-7.516189764
10.20647984,8.912482257,385288.8889,36688.88889,71.35167282,-5.525773811
10.69768064,6.875132046,386550,35427.77778,70.93463328,-5.108734278
7.600321676,8.717652521,392052.7778,29925,70.35646484,-4.530565835
8.073758475,7.960736462,391794.4444,30183.33333,70.30907398,-4.483174979
9.466080751,8.00117169,388244.4444,33733.33333,70.81141706,-4.985518053
8.312052213,9.935466676,388766.6667,33211.11111,70.95358963,-5.127690621
8.204636506,10.52030842,388322.2222,33655.55556,71.07680585,-5.250906847
7.932791025,8.307215687,391719.4444,30258.33333,70.35646484,-4.530565835
9.998489856,11.92726822,382122.2222,39855.55556,72.17627371,-6.350374706
8.259958436,6.938683375,392580.5556,29397.22222,70.09107605,-4.265177041
11.82001302,9.975851099,379944.4444,42033.33333,72.29001177,-6.464112761
10.00925466,7.901031933,387013.8889,34963.88889,70.98202414,-5.156125135
12.25327457,6.977452859,382538.8889,39438.88889,71.55071441,-5.724815407
11.54205675,8.797666988,382091.6667,39886.11111,71.81610321,-5.9902042
6.390135882,11.21655886,392022.2222,29955.55556,70.63133181,-4.8054328
12.11912294,12.24989049,376405.5556,45572.22222,73.12409083,-7.298191826
11.87601222,8.525305767,381588.8889,40388.88889,71.86349406,-6.037595056
11.69498062,8.928418204,381547.2222,40430.55556,71.92036309,-6.094464084
13.21463311,10.41459989,375916.6667,46061.11111,72.98191826,-7.156019258
14.12887281,8.669184311,375772.2222,46205.55556,72.79235484,-6.966455834
7.992428288,7.257258173,392861.1111,29116.66667,70.08159788,-4.25569887
14.19733433,9.352101308,374766.6667,47211.11111,73.03878729,-7.212888286
10.83146182,9.282309271,383269.4444,38708.33333,71.69288698,-5.866987975
10.95050332,8.377383588,384080.5556,37897.22222,71.47488904,-5.648990037
8.882765059,7.806347706,389950,32027.77778,70.55550644,-4.72960743
10.17913458,9.837472877,384222.2222,37755.55556,71.60758344,-5.781684434
10.90443264,8.888451122,383569.4444,38408.33333,71.59810527,-5.772206263
13.64027983,11.38051813,373672.2222,48305.55556,73.45582682,-7.629927819
7.053483,8.686785316,393463.8889,28513.88889,70.15742325,-4.33152424
9.184196769,14.6319738,380838.8889,41138.88889,72.7070513,-6.881152293
10.39880279,9.012175251,384686.1111,37291.66667,71.44645453,-5.620555523
11.005326,8.109950034,384272.2222,37705.55556,71.41802002,-5.59212101
10.41849077,12.45832839,380411.1111,41566.66667,72.5080097,-6.682110698
9.240830585,9.072325518,387505.5556,34472.22222,71.03889317,-5.212994162
10.14346642,8.498857285,385955.5556,36022.22222,71.20950025,-5.383601243
12.01582163,11.19142361,377961.1111,44016.66667,72.73548581,-6.909586807
10.52961401,8.216218521,385333.3333,36644.44444,71.26636928,-5.440470271
10.84114372,12.09248287,379797.2222,42180.55556,72.55540056,-6.729501554
10.24120468,10.13185514,383705.5556,38272.22222,71.72132149,-5.895422488
6.030932985,7.320251142,397716.6667,24261.11111,69.43708223,-3.611183228
12.59709973,5.510764901,383477.7778,38500,71.24741293,-5.421513928
11.17232282,11.08363368,380208.3333,41769.44444,72.37531531,-6.549416301
11.78739595,7.517892038,383044.4444,38933.33333,71.53175807,-5.705859064
10.29137693,10.00101094,383741.6667,38236.11111,71.70236515,-5.876466146
7.330426378,6.774105658,395122.2222,26855.55556,69.72142737,-3.895528364
11.6336186,11.43759318,378616.6667,43361.11111,72.66913861,-6.843239609
13.59610541,9.408011802,376197.2222,45780.55556,72.81131118,-6.985412177
7.282107425,9.490129668,391900,30077.77778,70.46072472,-4.634825718
12.81978831,9.691293722,377794.4444,44183.33333,72.59331324,-6.767414239
6.477533033,12.72162713,389952.7778,32025,71.09576219,-5.269863189
9.64700091,9.333331299,386177.7778,35800,71.26636928,-5.440470271
7.589058771,11.5517057,388594.4444,33383.33333,71.15263122,-5.326732216
8.600712112,9.160701102,388991.6667,32986.11111,70.8303734,-5.004474395
11.53143319,8.285896773,382744.4444,39233.33333,71.66445247,-5.838553461
12.88342471,9.820226146,377475,44502.77778,72.65966044,-6.833761437
10.12239921,10.98749629,382952.7778,39025,71.93931943,-6.113420426
8.928930642,13.20764042,383225,38752.77778,72.15731737,-6.331418364
11.47806517,7.713816766,383572.2222,38405.55556,71.47488904,-5.648990037
9.955403211,12.99086632,380919.4444,41058.33333,72.48905336,-6.663154356
11.40567263,12.08176561,378397.2222,43580.55556,72.78287667,-6.956977663
9.038680609,10.61517626,386127.7778,35850,71.41802002,-5.59212101
12.61148749,10.09817759,377816.6667,44161.11111,72.6407041,-6.814805095
12.48295873,7.044062331,381886.1111,40091.66667,71.6549743,-5.82907529
12.17567101,10.22586235,378744.4444,43233.33333,72.49853153,-6.672632527
10.663264,9.136571185,383866.6667,38111.11111,71.5886271,-5.762728092
